Charge Type,Charge Description,row_count,total_value,Major Category,Subcategory,Method
GOGREEN PLUS - CARBON REDUCED,GOGREEN PLUS - CARBON REDUCED,2262,12309.0,Other / Uncategorized,Unclassified,none
Pps Critical (American Airlines),Pps Critical (American Airlines),308,26965.4,Other / Uncategorized,Unclassified,none
PREMIUM 12:00,PREMIUM 12:00,235,1175.0,Other / Uncategorized,Unclassified,none
Returns Print Label,Returns Print Label,159,186.3,Other / Uncategorized,Unclassified,none
Declared Value,Declared Value,142,4544.33,Other / Uncategorized,Unclassified,none
CONTRACT MINIMUM REACHED MCADJ ADJ,CONTRACT MINIMUM REACHED MCADJ ADJ,122,9482.55,Other / Uncategorized,Unclassified,none
Performance Pricing,Performance Pricing,118,-2522.82,Other / Uncategorized,Unclassified,none
Accessorial 2,GOGREEN PLUS - CARBON REDUCED,71,313.02,Other / Uncategorized,Unclassified,none
Print Return Label,Print Return Label,69,72.45,Other / Uncategorized,Unclassified,none
Retourzendingen 3 UPS Ophaalpogingen,Retourzendingen 3 UPS Ophaalpogingen,67,794.1999999999999,Other / Uncategorized,Unclassified,none
Standard to Canada,Standard to Canada,63,2662.05,Other / Uncategorized,Unclassified,none
Accessorial 1,GOGREEN PLUS - CARBON REDUCED,50,223.96,Other / Uncategorized,Unclassified,none
Rebill Fee,Rebill Fee,47,1198.5,Other / Uncategorized,Unclassified,none
Accessorial,DLG DEST LIFTGATE HAND-UNLOAD,47,2540.0,Other / Uncategorized,Unclassified,none
T/C,T/C,45,4082.4,Other / Uncategorized,Unclassified,none
W/C,W/C,45,6804.0,Other / Uncategorized,Unclassified,none
AWB,AWB,45,191.25,Other / Uncategorized,Unclassified,none
,,44,1676.5,Other / Uncategorized,Unclassified,none
Dash Critical (Delta Airlines),Dash Critical (Delta Airlines),42,3690.0,Other / Uncategorized,Unclassified,none
Toeslag afh. afgel. gebied-bestem.,Toeslag afh. afgel. gebied-bestem.,40,1262.0,Other / Uncategorized,Unclassified,none
Accessorial,Cargo Screening/X-Ray,38,2539.24,Other / Uncategorized,Unclassified,none
Retourzendingen Pre-vrijgave bericht toeslag,Retourzendingen Pre-vrijgave bericht toeslag,38,731.5,Other / Uncategorized,Unclassified,none
PPS Critical (American Airlines),PPS Critical (American Airlines),38,3314.35,Other / Uncategorized,Unclassified,none
DGAC,DGAC,35,411.0,Other / Uncategorized,Unclassified,none
ISS,ISS,33,1749.58,Other / Uncategorized,Unclassified,none
AIR AMS FEE,AIR AMS FEE,28,700.0,Other / Uncategorized,Unclassified,none
Standard,Standard,28,923.04,Other / Uncategorized,Unclassified,none
SCREENING,SCREENING,28,902.69,Other / Uncategorized,Unclassified,none
FSC ADDER,FSC ADDER,26,13024.4,Other / Uncategorized,Unclassified,none
Not Previously Billed Missing PLD Fee,Not Previously Billed Missing PLD Fee,25,117.5,Other / Uncategorized,Unclassified,none
Call Tag,Call Tag,23,312.40000000000003,Other / Uncategorized,Unclassified,none
Other Government Agency Fee,Other Government Agency Fee,23,283.68,Other / Uncategorized,Unclassified,none
Retourzendingen Inklaringstoeslag,Retourzendingen Inklaringstoeslag,22,161.7,Other / Uncategorized,Unclassified,none
Accessorial 1,PREMIUM 12:00,22,138.6,Other / Uncategorized,Unclassified,none
Toeslag groot pakket,Toeslag groot pakket,22,973.61,Other / Uncategorized,Unclassified,none
Accessorial 3,GOGREEN PLUS - CARBON REDUCED,22,169.94,Other / Uncategorized,Unclassified,none
Print Label,Print Label,21,27.6,Other / Uncategorized,Unclassified,none
Retourzendingen TB Standard,Retourzendingen TB Standard,21,600.03,Other / Uncategorized,Unclassified,none
All in rate,All in rate,21,23407.47,Other / Uncategorized,Unclassified,none
Vervoer,Vervoer,21,212.4,Other / Uncategorized,Unclassified,none
ProvincialTax,ProvincialTax,20,130.16,Other / Uncategorized,Unclassified,none
Accessorial,APT APPOINTMENT,19,945.0,Other / Uncategorized,Unclassified,none
Laptop 21x16x5,Laptop 21x16x5,19,516.99,Other / Uncategorized,Unclassified,none
WEEKLY PRINTER SERVICE FEE,WEEKLY PRINTER SERVICE FEE,18,359.64,Other / Uncategorized,Unclassified,none
IMP/A TERMINAL HNDLG,IMP/A TERMINAL HNDLG,18,2700.0,Other / Uncategorized,Unclassified,none
Retourzendingen WW Standard,Retourzendingen WW Standard,17,289.74,Other / Uncategorized,Unclassified,none
AIR AMS FEES,AIR AMS FEES,17,425.0,Other / Uncategorized,Unclassified,none
ACMS FEE,ACMS FEE,16,240.0,Other / Uncategorized,Unclassified,none
Accessorial,Airway Bill (AWB) Fee,16,1320.0,Other / Uncategorized,Unclassified,none
Retourzendingen Label Print,Retourzendingen Label Print,16,41.8,Other / Uncategorized,Unclassified,none
Accessorial 3,PREMIUM 12:00,16,100.8,Other / Uncategorized,Unclassified,none
WW Saver,WW Saver,15,6665.11,Other / Uncategorized,Unclassified,none
FSC,FSC,15,5769.89,Other / Uncategorized,Unclassified,none
FederalTax,FederalTax,14,90.85,Other / Uncategorized,Unclassified,none
Clearance End-use Fee,Clearance End-use Fee,13,1219.63,Other / Uncategorized,Unclassified,none
FDA Clearance,FDA Clearance,13,398.0,Other / Uncategorized,Unclassified,none
Retourzendingen Uitzonderlijke toeslag  Zakelijk,Retourzendingen Uitzonderlijke toeslag  Zakelijk,13,41.77,Other / Uncategorized,Unclassified,none
EXTENDED LIABILITY,EXTENDED LIABILITY,12,60.0,Other / Uncategorized,Unclassified,none
ELEVATED RISK,ELEVATED RISK,12,360.0,Other / Uncategorized,Unclassified,none
Origin Transfer Fee,Origin Transfer Fee,12,2183.76,Other / Uncategorized,Unclassified,none
Accessorial,NOTIFICATION / SUSPENSION OF SVC CHARGE FLAT,10,107.6,Other / Uncategorized,Unclassified,none
Accessorial,CBR REWEIGH OF SHIPMENT FEE,10,143.0,Other / Uncategorized,Unclassified,none
Accessorial,DET - CHARGE FOR DETENTION OF EQUIPMENT FLAT,10,1419.71,Other / Uncategorized,Unclassified,none
CSA FEE 1.37,CSA FEE 1.37,9,12.330000000000002,Other / Uncategorized,Unclassified,none
Accessorial 2,PREMIUM 12:00,9,56.7,Other / Uncategorized,Unclassified,none
PARKING,PARKING,9,75.0,Other / Uncategorized,Unclassified,none
FSC E,FSC E,9,5570.15,Other / Uncategorized,Unclassified,none
Reroute - Web Request,Reroute - Web Request,9,162.0,Other / Uncategorized,Unclassified,none
Cell Phone 10x5x3,Cell Phone 10x5x3,8,113.68,Other / Uncategorized,Unclassified,none
Missing/Invalid Acct No.,Missing/Invalid Acct No.,8,202.0,Other / Uncategorized,Unclassified,none
ENTRY FEE,ENTRY FEE,8,760.0,Other / Uncategorized,Unclassified,none
Expedited,Expedited,8,233.45,Other / Uncategorized,Unclassified,none
Accessorial,DMS GOVT AIRPORT MINE GAS OIL DLVRY,8,380.0,Other / Uncategorized,Unclassified,none
Uitzonderlijke toeslag  Zakelijk,Uitzonderlijke toeslag  Zakelijk,8,148.27,Other / Uncategorized,Unclassified,none
PROCOMER FEE,PROCOMER FEE,8,387.0,Other / Uncategorized,Unclassified,none
RECH PU AND HOLD,RECH PU AND HOLD,8,400.0,Other / Uncategorized,Unclassified,none
PACSU PACKING SUPPLIES,PACSU PACKING SUPPLIES,8,263.54,Other / Uncategorized,Unclassified,none
Accessorial 1,MERCHANDISE PROCESS,7,235.06,Other / Uncategorized,Unclassified,none
Toeslag afgelegen gebied,Toeslag afgelegen gebied,7,265.3,Other / Uncategorized,Unclassified,none
Vrachtkosten,Vrachtkosten,7,3306.0,Other / Uncategorized,Unclassified,none
CHASSIS,CHASSIS,7,1015.0,Other / Uncategorized,Unclassified,none
"Standard- Small, 13x9x11","Standard- Small, 13x9x11",7,55.93,Other / Uncategorized,Unclassified,none
ITEM 116030 SUB : 4 MACHINES,ITEM 116030 SUB : 4 MACHINES,7,1959.51,Other / Uncategorized,Unclassified,none
Add Stop Car,Add Stop Car,7,270.2,Other / Uncategorized,Unclassified,none
WKND WEEKEND,WKND WEEKEND,7,350.0,Other / Uncategorized,Unclassified,none
HMS US-CANADA BORDER CROSSING,HMS US-CANADA BORDER CROSSING,6,256.25,Other / Uncategorized,Unclassified,none
MANIFEST FEE,MANIFEST FEE,6,216.31,Other / Uncategorized,Unclassified,none
NMFC 051080-05 Faucets; Bibcocks; 70 105 MIN,NMFC 051080-05 Faucets; Bibcocks; 70 105 MIN,6,964.47,Other / Uncategorized,Unclassified,none
Hazardous Material,Hazardous Material,6,343.5,Other / Uncategorized,Unclassified,none
Clearance Entry Fee,Clearance Entry Fee,6,148.29,Other / Uncategorized,Unclassified,none
ADDL INVOICE,ADDL INVOICE,6,175.0,Other / Uncategorized,Unclassified,none
Metro,Metro,6,89.95,Other / Uncategorized,Unclassified,none
"Standard- Large, 20x20x12","Standard- Large, 20x20x12",6,89.94,Other / Uncategorized,Unclassified,none
NMFC 051080-05 70 160 MIN Faucets; Bibcocks;,NMFC 051080-05 70 160 MIN Faucets; Bibcocks;,5,916.71,Other / Uncategorized,Unclassified,none
Dieseltoeslag ,Dieseltoeslag ,5,353.85,Other / Uncategorized,Unclassified,none
Laptop 16x16x4,Laptop 16x16x4,5,111.05,Other / Uncategorized,Unclassified,none
ISF FEE,ISF FEE,5,175.0,Other / Uncategorized,Unclassified,none
Accessorial,DWD DEST DETENTION WITH POWER,5,673.5,Other / Uncategorized,Unclassified,none
PT OTHERS,PT OTHERS,5,16645.9,Other / Uncategorized,Unclassified,none
I SS E,I SS E,5,541.8,Other / Uncategorized,Unclassified,none
Inklaringstoeslag,Inklaringstoeslag,5,22.05,Other / Uncategorized,Unclassified,none
NMFC 051080-05 Faucets; Bibcocks; 70 170 MIN,NMFC 051080-05 Faucets; Bibcocks; 70 170 MIN,5,795.6,Other / Uncategorized,Unclassified,none
Returns Electronic Label,Returns Electronic Label,5,5.75,Other / Uncategorized,Unclassified,none
Accessorial,SSC ORIG SINGLE SHIPMENT,5,10.0,Other / Uncategorized,Unclassified,none
NMFC 051080-05 Faucets; Bibcocks; 70 175 MIN,NMFC 051080-05 Faucets; Bibcocks; 70 175 MIN,5,861.94,Other / Uncategorized,Unclassified,none
Not Provided,Not Provided,4,4500.0,Other / Uncategorized,Unclassified,none
Dieseltoeslag,Dieseltoeslag,4,371.91,Other / Uncategorized,Unclassified,none
RECONSIGNMENT CHARGES AT DESTN RECD,RECONSIGNMENT CHARGES AT DESTN RECD,4,984.67,Other / Uncategorized,Unclassified,none
Setup Clearance,Setup Clearance,4,224.0,Other / Uncategorized,Unclassified,none
"Standard- Medium, 16x16x16","Standard- Medium, 16x16x16",4,53.96,Other / Uncategorized,Unclassified,none
Accessorial,Origin Dangerous Goods (DG),4,252.95,Other / Uncategorized,Unclassified,none
Accessorial 4,PERMITS & LICENCES,4,112.0,Other / Uncategorized,Unclassified,none
SS,SS,4,167.18,Other / Uncategorized,Unclassified,none
Accessorial,W&I COR FEE,4,60.0,Other / Uncategorized,Unclassified,none
Accessorial,Destination Transfer Fee,3,822.0,Other / Uncategorized,Unclassified,none
NMFC 051080-05 Faucets; Bibcocks; 70 95 MIN,NMFC 051080-05 Faucets; Bibcocks; 70 95 MIN,3,530.63,Other / Uncategorized,Unclassified,none
"Standard- Medium, 17x17x7","Standard- Medium, 17x17x7",3,34.47,Other / Uncategorized,Unclassified,none
"Standard- Small, 11x11x11","Standard- Small, 11x11x11",3,23.97,Other / Uncategorized,Unclassified,none
"Standard- Small, 12x12x18","Standard- Small, 12x12x18",3,31.47,Other / Uncategorized,Unclassified,none
Pre-vrijgave bericht toeslag,Pre-vrijgave bericht toeslag,3,57.75,Other / Uncategorized,Unclassified,none
Vrachtkosten ,Vrachtkosten ,3,865.0,Other / Uncategorized,Unclassified,none
UPS Carbon Offsets,UPS Carbon Offsets,3,0.15,Other / Uncategorized,Unclassified,none
"Standard- Small, 12x9x6","Standard- Small, 12x9x6",3,20.97,Other / Uncategorized,Unclassified,none
Std 28x28x28 275 lb Double Wall Boxes,Std 28x28x28 275 lb Double Wall Boxes,3,80.97,Other / Uncategorized,Unclassified,none
NMFC 051080-05 70 105 MIN Faucets; Bibcocks;,NMFC 051080-05 70 105 MIN Faucets; Bibcocks;,3,474.87,Other / Uncategorized,Unclassified,none
DRIVER DETENTION AT DEST DETND,DRIVER DETENTION AT DEST DETND,3,638.75,Other / Uncategorized,Unclassified,none
NMFC 051080-05 Faucets; Bibcocks; 70 100 MIN,NMFC 051080-05 Faucets; Bibcocks; 70 100 MIN,3,545.36,Other / Uncategorized,Unclassified,none
NMFC 051080-05 70 110 MIN Faucets; Bibcocks;,NMFC 051080-05 70 110 MIN Faucets; Bibcocks;,3,474.25,Other / Uncategorized,Unclassified,none
Accessorial,PAPERWORK FEE FLAT,3,153.0,Other / Uncategorized,Unclassified,none
Voor U doen laten vervoeren ,Voor U doen laten vervoeren ,3,1335.0,Other / Uncategorized,Unclassified,none
MARKING OR TAGGING CHRG AT DESTN TAGD,MARKING OR TAGGING CHRG AT DESTN TAGD,3,370.0,Other / Uncategorized,Unclassified,none
Advance Fee,Advance Fee,3,8.82,Other / Uncategorized,Unclassified,none
Overlength Article,Overlength Article,3,1485.0,Other / Uncategorized,Unclassified,none
Accessorial,NYC TOLLING DISTRICT CHARGE FLAT,3,27.0,Other / Uncategorized,Unclassified,none
NMFC 051080-05 Faucets; Bibcocks; 70 155 MIN,NMFC 051080-05 Faucets; Bibcocks; 70 155 MIN,3,504.33,Other / Uncategorized,Unclassified,none
NMFC 051080-05 Faucets; Bibcocks; 70 190 MIN,NMFC 051080-05 Faucets; Bibcocks; 70 190 MIN,3,490.59,Other / Uncategorized,Unclassified,none
"NMFC 051080-05 Faucets, Bibcocks, 70 170 MIN","NMFC 051080-05 Faucets, Bibcocks, 70 170 MIN",3,449.56,Other / Uncategorized,Unclassified,none
Mailr Smart 10.5x15,Mailr Smart 10.5x15,3,13.739999999999998,Other / Uncategorized,Unclassified,none
Standard Shipment,Standard Shipment,3,430.78,Other / Uncategorized,Unclassified,none
ACTUATORS,ACTUATORS,3,8064.33,Other / Uncategorized,Unclassified,none
NMFC 051080-05 70 90 MIN Faucets; Bibcocks;,NMFC 051080-05 70 90 MIN Faucets; Bibcocks;,3,530.63,Other / Uncategorized,Unclassified,none
NMFC 051080-05 70 175 MIN Faucets; Bibcocks;,NMFC 051080-05 70 175 MIN Faucets; Bibcocks;,3,449.56,Other / Uncategorized,Unclassified,none
Return To Sender - Web Request,Return To Sender - Web Request,3,54.0,Other / Uncategorized,Unclassified,none
REUSABLE WOODEN CRATES 70 250 MIN,REUSABLE WOODEN CRATES 70 250 MIN,3,474.87,Other / Uncategorized,Unclassified,none
Detention,Detention,3,580.5,Other / Uncategorized,Unclassified,none
ITEM 116030 SUB : 4 MACHINES SYSTEMS,ITEM 116030 SUB : 4 MACHINES SYSTEMS,3,1096.96,Other / Uncategorized,Unclassified,none
WKND WEEKEND PU,WKND WEEKEND PU,3,150.0,Other / Uncategorized,Unclassified,none
Cargo Screening Fee,Cargo Screening Fee,3,574.65,Other / Uncategorized,Unclassified,none
"Standard- Large, 23x17x12","Standard- Large, 23x17x12",3,57.96,Other / Uncategorized,Unclassified,none
REGULATORY FEE,REGULATORY FEE,3,990.83,Other / Uncategorized,Unclassified,none
AES / ACE Fee (Air),AES / ACE Fee (Air),3,75.0,Other / Uncategorized,Unclassified,none
NO SHIPMENT TENDERED,NO SHIPMENT TENDERED,2,194.0,Other / Uncategorized,Unclassified,none
VGM/SOLAS Fee,VGM/SOLAS Fee,2,45.0,Other / Uncategorized,Unclassified,none
NMFC 051080-05 70 160 MIN Faucets; Bibcocks; ...,NMFC 051080-05 70 160 MIN Faucets; Bibcocks; ...,2,316.58,Other / Uncategorized,Unclassified,none
D/O FEE,D/O FEE,2,158.62,Other / Uncategorized,Unclassified,none
NWCARB FLAT,NWCARB FLAT,2,190.48,Other / Uncategorized,Unclassified,none
VGM FEE,VGM FEE,2,50.0,Other / Uncategorized,Unclassified,none
CROSS-BORDER ADMINISTRATIVE FEE CUAF,CROSS-BORDER ADMINISTRATIVE FEE CUAF,2,415.5,Other / Uncategorized,Unclassified,none
WOODEN CRATES 70 250 MIN,WOODEN CRATES 70 250 MIN,2,316.58,Other / Uncategorized,Unclassified,none
NMFC 051080-05 70 205 MIN Faucets; Bibcocks;,NMFC 051080-05 70 205 MIN Faucets; Bibcocks;,2,291.27,Other / Uncategorized,Unclassified,none
GASTOS SUPLIDOS ADUANA,GASTOS SUPLIDOS ADUANA,2,87.12,Other / Uncategorized,Unclassified,none
INSTAPAK 156240 60 5196 6.85,INSTAPAK 156240 60 5196 6.85,2,711.86,Other / Uncategorized,Unclassified,none
Frg 28x28x28 275 lb Double Wall Boxes,Frg 28x28x28 275 lb Double Wall Boxes,2,69.98,Other / Uncategorized,Unclassified,none
NMFC 051080-05 Faucets; Bibcocks; 70 120 MIN,NMFC 051080-05 Faucets; Bibcocks; 70 120 MIN,2,236.5,Other / Uncategorized,Unclassified,none
CVO ,CVO ,2,104.4,Other / Uncategorized,Unclassified,none
NMFC 051080-05 70 180 MIN Faucets; Bibcocks;,NMFC 051080-05 70 180 MIN Faucets; Bibcocks;,2,276.54,Other / Uncategorized,Unclassified,none
NMFC 051080-05 70 180 MIN Faucets; Bibcocks; ...,NMFC 051080-05 70 180 MIN Faucets; Bibcocks; ...,2,291.27,Other / Uncategorized,Unclassified,none
NMFC 051080-05 70 165 MIN Faucets; Bibcocks; ...,NMFC 051080-05 70 165 MIN Faucets; Bibcocks; ...,2,316.58,Other / Uncategorized,Unclassified,none
Accessorials,Accessorials,2,586.28,Other / Uncategorized,Unclassified,none
LEGES,LEGES,2,35.4,Other / Uncategorized,Unclassified,none
NMFC 133300-05 MACHINERY; NOI; OR * 65 420 MIN,NMFC 133300-05 MACHINERY; NOI; OR * 65 420 MIN,2,316.58,Other / Uncategorized,Unclassified,none
VRACHTKOSTEN,VRACHTKOSTEN,2,1197.0,Other / Uncategorized,Unclassified,none
PACSU PACKING SUPPLIES UN LABELS,PACSU PACKING SUPPLIES UN LABELS,2,20.0,Other / Uncategorized,Unclassified,none
NMFC 051080-05 Faucets; Bibcocks; 70 85 MIN,NMFC 051080-05 Faucets; Bibcocks; 70 85 MIN,2,291.27,Other / Uncategorized,Unclassified,none
W&I FEE 1 Each $13.50,W&I FEE 1 Each $13.50,2,27.0,Other / Uncategorized,Unclassified,none
GUARANTEED BY 5PM 005001|010000 FLAT,GUARANTEED BY 5PM 005001|010000 FLAT,2,192.0,Other / Uncategorized,Unclassified,none
CHANGE IN PAYMENT TERMS-PAYOR-SFB CHGIP,CHANGE IN PAYMENT TERMS-PAYOR-SFB CHGIP,2,104.0,Other / Uncategorized,Unclassified,none
NMFC 051080-05 Faucets; Bibcocks; 70 185 MIN,NMFC 051080-05 Faucets; Bibcocks; 70 185 MIN,2,316.58,Other / Uncategorized,Unclassified,none
Origin Container Drayage,Origin Container Drayage,2,2655.0,Other / Uncategorized,Unclassified,none
NMFC 051080-05 Faucets; Bibcocks; 70 180 MIN,NMFC 051080-05 Faucets; Bibcocks; 70 180 MIN,2,412.38,Other / Uncategorized,Unclassified,none
CL60 60 416 26.74,CL60 60 416 26.74,2,222.48,Other / Uncategorized,Unclassified,none
Individual Formal Entry,Individual Formal Entry,2,60.03,Other / Uncategorized,Unclassified,none
NMFC 051080-05 Faucets; Bibcocks; 70 165 MIN,NMFC 051080-05 Faucets; Bibcocks; 70 165 MIN,2,261.19,Other / Uncategorized,Unclassified,none
CL60 60 715 26.74,CL60 60 715 26.74,2,382.38,Other / Uncategorized,Unclassified,none
DDP/DDU SERVICE FEE,DDP/DDU SERVICE FEE,2,120.0,Other / Uncategorized,Unclassified,none
NMFC 051080-05 Faucets; Bibcocks; 70 160 MIN,NMFC 051080-05 Faucets; Bibcocks; 70 160 MIN,2,372.34,Other / Uncategorized,Unclassified,none
OVER DIM - 264 IN,OVER DIM - 264 IN,2,2674.0,Other / Uncategorized,Unclassified,none
NMFC 156240-00 Liquid; NOI; other 60 5196 6.85,NMFC 156240-00 Liquid; NOI; other 60 5196 6.85,2,711.86,Other / Uncategorized,Unclassified,none
GUARANTEED,GUARANTEED,2,120.0,Other / Uncategorized,Unclassified,none
NMFC 051080-05 Faucets; Bibcocks; 70 270 MIN,NMFC 051080-05 Faucets; Bibcocks; 70 270 MIN,2,236.5,Other / Uncategorized,Unclassified,none
WKND WEEKEND DEL,WKND WEEKEND DEL,2,100.0,Other / Uncategorized,Unclassified,none
Manifest AMS (Automated System),Manifest AMS (Automated System),2,70.0,Other / Uncategorized,Unclassified,none
NMFC 051080-05 Faucets; Bibcocks; 70 335 MIN,NMFC 051080-05 Faucets; Bibcocks; 70 335 MIN,2,331.31,Other / Uncategorized,Unclassified,none
DSV Protect,DSV Protect,2,30.0,Other / Uncategorized,Unclassified,none
NMFC 051080-05 70 95 MIN Faucets; Bibcocks; ...,NMFC 051080-05 70 95 MIN Faucets; Bibcocks; ...,2,331.31,Other / Uncategorized,Unclassified,none
NMFC 051080-05 Faucets; Bibcocks; 70 355 MIN,NMFC 051080-05 Faucets; Bibcocks; 70 355 MIN,2,276.54,Other / Uncategorized,Unclassified,none
AWB (Air waybill),AWB (Air waybill),2,36.99,Other / Uncategorized,Unclassified,none
NMFC 051080-05 70 155 MIN Faucets; Bibcocks;,NMFC 051080-05 70 155 MIN Faucets; Bibcocks;,2,291.27,Other / Uncategorized,Unclassified,none
APT APPOINTMENT,APT APPOINTMENT,2,102.5,Other / Uncategorized,Unclassified,none
MEDICAL SUPPLIES,MEDICAL SUPPLIES,2,2504.99,Other / Uncategorized,Unclassified,none
"NMFC 051080-05 Faucets, Bibcocks, 70 160 MIN","NMFC 051080-05 Faucets, Bibcocks, 70 160 MIN",2,276.54,Other / Uncategorized,Unclassified,none
"Standard- Large, 20x20x20","Standard- Large, 20x20x20",2,35.98,Other / Uncategorized,Unclassified,none
NMFC 051080-05 70 MIN Faucets; Bibcocks; 90,NMFC 051080-05 70 MIN Faucets; Bibcocks; 90,2,276.54,Other / Uncategorized,Unclassified,none
METAL STAMPINGS 50 1000 MIN,METAL STAMPINGS 50 1000 MIN,2,236.5,Other / Uncategorized,Unclassified,none
REUSABLE WOODEN CRATES 70 500 MIN,REUSABLE WOODEN CRATES 70 500 MIN,2,316.58,Other / Uncategorized,Unclassified,none
NMFC 051080-05 70 120 MIN Faucets; Bibcocks;,NMFC 051080-05 70 120 MIN Faucets; Bibcocks;,2,316.58,Other / Uncategorized,Unclassified,none
METAL STAMPINGS 50 700 MIN,METAL STAMPINGS 50 700 MIN,2,236.5,Other / Uncategorized,Unclassified,none
DieseltoeslagÂ ,DieseltoeslagÂ ,2,236.65,Other / Uncategorized,Unclassified,none
Dry Ice,Dry Ice,2,17.0,Other / Uncategorized,Unclassified,none
013400 CLOSE OF BUSINESS DELV,013400 CLOSE OF BUSINESS DELV,2,268.0,Other / Uncategorized,Unclassified,none
EUR,EUR,2,110.0,Other / Uncategorized,Unclassified,none
Metro 1 Each $10.00,Metro 1 Each $10.00,2,20.0,Other / Uncategorized,Unclassified,none
SS E,SS E,2,121.28,Other / Uncategorized,Unclassified,none
Returns Declared Value,Returns Declared Value,2,6.72,Other / Uncategorized,Unclassified,none
Returns FDA Clearance,Returns FDA Clearance,2,52.0,Other / Uncategorized,Unclassified,none
Accessorial,DELMARVA PENINSULA ARBITRARY FLAT,2,124.0,Other / Uncategorized,Unclassified,none
Cargo Insurance,Cargo Insurance,2,55.0,Other / Uncategorized,Unclassified,none
Tijdlevering,Tijdlevering,2,150.0,Other / Uncategorized,Unclassified,none
Accessorial,RCD DEST RECONSIGNMENT,2,252.0,Other / Uncategorized,Unclassified,none
Accessorial,OTHER COMMERCIAL LIMITED ACCESS DEL,2,50.0,Other / Uncategorized,Unclassified,none
Accessorial,P/U LIFTGATE FEE,2,50.0,Other / Uncategorized,Unclassified,none
Accessorial,LIFTGATE REQUIRED @P/U FEE,2,50.0,Other / Uncategorized,Unclassified,none
NMFC 133300-03 OR * 125 244 MIN MACHINERY; NOI;,NMFC 133300-03 OR * 125 244 MIN MACHINERY; NOI;,2,316.58,Other / Uncategorized,Unclassified,none
Accessorial,Origin Transfer Fee,2,76.56,Other / Uncategorized,Unclassified,none
TRUCKING FEE,TRUCKING FEE,2,445.0,Other / Uncategorized,Unclassified,none
PRINTED MATERIAL,PRINTED MATERIAL,2,2106.0,Other / Uncategorized,Unclassified,none
Food and Drug Administration Clearance,Food and Drug Administration Clearance,2,58.0,Other / Uncategorized,Unclassified,none
"Fragile- Large, 23x17x12","Fragile- Large, 23x17x12",2,47.98,Other / Uncategorized,Unclassified,none
Accessorial 1,PERMITS & LICENCES,2,56.0,Other / Uncategorized,Unclassified,none
NMFC 051080-05 Faucets; Bibcocks; 70 90 MIN,NMFC 051080-05 Faucets; Bibcocks; 70 90 MIN,2,331.31,Other / Uncategorized,Unclassified,none
SPECIAL SERVICES (NO ADVANCES) AES,SPECIAL SERVICES (NO ADVANCES) AES,2,40.0,Other / Uncategorized,Unclassified,none
NMFC 051080-05 Faucets; Bibcocks; 70 404 25.67,NMFC 051080-05 Faucets; Bibcocks; 70 404 25.67,1,103.71,Other / Uncategorized,Unclassified,none
NMFC 051080-05 Faucets; Bibcocks; 70 256 MIN,NMFC 051080-05 Faucets; Bibcocks; 70 256 MIN,1,173.02,Other / Uncategorized,Unclassified,none
NMFC 051080-05 Faucets; Bibcocks; 70 415 39.18,NMFC 051080-05 Faucets; Bibcocks; 70 415 39.18,1,162.6,Other / Uncategorized,Unclassified,none
NMFC 051080-05 Faucets; Bibcocks; 70 260 MIN,NMFC 051080-05 Faucets; Bibcocks; 70 260 MIN,1,173.02,Other / Uncategorized,Unclassified,none
NMFC 051080-05 Faucets; Bibcocks; 70 3881 34.22,NMFC 051080-05 Faucets; Bibcocks; 70 3881 34.22,1,1328.08,Other / Uncategorized,Unclassified,none
NMFC 051080-05 Faucets; Bibcocks; 70 444 MIN,NMFC 051080-05 Faucets; Bibcocks; 70 444 MIN,1,158.29,Other / Uncategorized,Unclassified,none
NMFC 051080-05 Faucets; Bibcocks; 70 310 MIN,NMFC 051080-05 Faucets; Bibcocks; 70 310 MIN,1,118.25,Other / Uncategorized,Unclassified,none
NMFC 051080-05 Faucets; Bibcocks; 70 450 MIN,NMFC 051080-05 Faucets; Bibcocks; 70 450 MIN,1,158.29,Other / Uncategorized,Unclassified,none
NMFC 051080-05 Faucets; Bibcocks; 70 400 40.28,NMFC 051080-05 Faucets; Bibcocks; 70 400 40.28,1,161.12,Other / Uncategorized,Unclassified,none
NMFC 051080-05 Faucets; Bibcocks; 70 470 MIN,NMFC 051080-05 Faucets; Bibcocks; 70 470 MIN,1,118.25,Other / Uncategorized,Unclassified,none
NMFC 051080-05 Faucets; Bibcocks; 70 73 MIN,NMFC 051080-05 Faucets; Bibcocks; 70 73 MIN,1,173.02,Other / Uncategorized,Unclassified,none
NMFC 051080-05 Faucets; Bibcocks; 70 298 MIN,NMFC 051080-05 Faucets; Bibcocks; 70 298 MIN,1,158.29,Other / Uncategorized,Unclassified,none
NMFC 051080-05 Faucets; Bibcocks; 70 345 MIN,NMFC 051080-05 Faucets; Bibcocks; 70 345 MIN,1,118.25,Other / Uncategorized,Unclassified,none
NMFC 051080-05 Faucets; Bibcocks; 70 279 MIN,NMFC 051080-05 Faucets; Bibcocks; 70 279 MIN,1,158.29,Other / Uncategorized,Unclassified,none
NMFC 051080-05 Faucets; Bibcocks; 70 655 29.68,NMFC 051080-05 Faucets; Bibcocks; 70 655 29.68,1,194.4,Other / Uncategorized,Unclassified,none
NMFC 051080-05 Faucets; Bibcocks; 70 5848 37.09,NMFC 051080-05 Faucets; Bibcocks; 70 5848 37.09,1,2169.02,Other / Uncategorized,Unclassified,none
NMFC 051080-05 Faucets; Bibcocks; 70 365 MIN,NMFC 051080-05 Faucets; Bibcocks; 70 365 MIN,1,158.29,Other / Uncategorized,Unclassified,none
NMFC 051080-05 Faucets; Bibcocks; 70 571 MIN,NMFC 051080-05 Faucets; Bibcocks; 70 571 MIN,1,158.29,Other / Uncategorized,Unclassified,none
NMFC 051080-05 Faucets; Bibcocks; 70 520 42.10,NMFC 051080-05 Faucets; Bibcocks; 70 520 42.10,1,218.92,Other / Uncategorized,Unclassified,none
NMFC 051080-05 Faucets; Bibcocks; 70 660 56.83,NMFC 051080-05 Faucets; Bibcocks; 70 660 56.83,1,375.08,Other / Uncategorized,Unclassified,none
NMFC 051080-05 Faucets; Bibcocks; 70 369 33.43,NMFC 051080-05 Faucets; Bibcocks; 70 369 33.43,1,123.36,Other / Uncategorized,Unclassified,none
NMFC 051080-05 Faucets; Bibcocks; 70 515 MIN,NMFC 051080-05 Faucets; Bibcocks; 70 515 MIN,1,158.29,Other / Uncategorized,Unclassified,none
NMFC 051080-05 Faucets; Bibcocks; 70 299 52.84,NMFC 051080-05 Faucets; Bibcocks; 70 299 52.84,1,157.99,Other / Uncategorized,Unclassified,none
NMFC 051080-05 Faucets; Bibcocks; 70 377 32.51,NMFC 051080-05 Faucets; Bibcocks; 70 377 32.51,1,122.56,Other / Uncategorized,Unclassified,none
NMFC 051080-05 Faucets; Bibcocks; 70 505 MIN,NMFC 051080-05 Faucets; Bibcocks; 70 505 MIN,1,118.25,Other / Uncategorized,Unclassified,none
NMFC 051080-05 Faucets; Bibcocks; 70 305 MIN,NMFC 051080-05 Faucets; Bibcocks; 70 305 MIN,1,118.25,Other / Uncategorized,Unclassified,none
NMFC 051080-05 Faucets; Bibcocks; 70 295 MIN,NMFC 051080-05 Faucets; Bibcocks; 70 295 MIN,1,158.29,Other / Uncategorized,Unclassified,none
NMFC 051080-05 Faucets; Bibcocks; 70 670 39.78,NMFC 051080-05 Faucets; Bibcocks; 70 670 39.78,1,266.53,Other / Uncategorized,Unclassified,none
NMFC 051080-05 Faucets; Bibcocks; 70 2916 18.02,NMFC 051080-05 Faucets; Bibcocks; 70 2916 18.02,1,525.46,Other / Uncategorized,Unclassified,none
NMFC 051080-05 Faucets; Bibcocks; 70 715 28.49,NMFC 051080-05 Faucets; Bibcocks; 70 715 28.49,1,203.7,Other / Uncategorized,Unclassified,none
NMFC 051080-05 Faucets; Bibcocks; 70 1000 16.79,NMFC 051080-05 Faucets; Bibcocks; 70 1000 16.79,1,167.9,Other / Uncategorized,Unclassified,none
NMFC 051080-05 Faucets; Bibcocks; 70 250 MIN,NMFC 051080-05 Faucets; Bibcocks; 70 250 MIN,1,158.29,Other / Uncategorized,Unclassified,none
NMFC 051080-05 70 555 21.82 Faucets; Bibcocks;,NMFC 051080-05 70 555 21.82 Faucets; Bibcocks;,1,121.1,Other / Uncategorized,Unclassified,none
"NMFC 051080-05 70 400 52.61 Faucets, Bibcocks,","NMFC 051080-05 70 400 52.61 Faucets, Bibcocks,",1,210.44,Other / Uncategorized,Unclassified,none
NMFC 051080-05 70 402 MIN Faucets; Bibcocks;,NMFC 051080-05 70 402 MIN Faucets; Bibcocks;,1,118.25,Other / Uncategorized,Unclassified,none
NMFC 051080-05 70 427 42.10 Faucets; Bibcocks;,NMFC 051080-05 70 427 42.10 Faucets; Bibcocks;,1,179.77,Other / Uncategorized,Unclassified,none
NMFC 051080-05 70 470 27.63 Faucets; Bibcocks; ...,NMFC 051080-05 70 470 27.63 Faucets; Bibcocks; ...,1,129.86,Other / Uncategorized,Unclassified,none
NMFC 051080-05 70 510 28.47 Faucets; Bibcocks;,NMFC 051080-05 70 510 28.47 Faucets; Bibcocks;,1,145.2,Other / Uncategorized,Unclassified,none
NMFC 051080-05 70 520 MIN Faucets; Bibcocks;,NMFC 051080-05 70 520 MIN Faucets; Bibcocks;,1,158.29,Other / Uncategorized,Unclassified,none
NMFC 051080-05 70 5413 31.77 Faucets; Bibcocks; ...,NMFC 051080-05 70 5413 31.77 Faucets; Bibcocks; ...,1,1719.71,Other / Uncategorized,Unclassified,none
NMFC 051080-05 70 560 34.07 Faucets; Bibcocks;,NMFC 051080-05 70 560 34.07 Faucets; Bibcocks;,1,190.79,Other / Uncategorized,Unclassified,none
NMFC 051080-05 70 362 48.98 Faucets; Bibcocks; ...,NMFC 051080-05 70 362 48.98 Faucets; Bibcocks; ...,1,177.31,Other / Uncategorized,Unclassified,none
NMFC 051080-05 70 580 24.73 Faucets; Bibcocks; ...,NMFC 051080-05 70 580 24.73 Faucets; Bibcocks; ...,1,143.43,Other / Uncategorized,Unclassified,none
NMFC 051080-05 70 669 MIN Faucets; Bibcocks;,NMFC 051080-05 70 669 MIN Faucets; Bibcocks;,1,118.25,Other / Uncategorized,Unclassified,none
NMFC 051080-05 70 670 46.40 Faucets; Bibcocks;,NMFC 051080-05 70 670 46.40 Faucets; Bibcocks;,1,310.88,Other / Uncategorized,Unclassified,none
NMFC 051080-05 70 724 30.39 Faucets; Bibcocks;,NMFC 051080-05 70 724 30.39 Faucets; Bibcocks;,1,220.02,Other / Uncategorized,Unclassified,none
NMFC 051080-05 70 745 43.06 Faucets; Bibcocks;,NMFC 051080-05 70 745 43.06 Faucets; Bibcocks;,1,320.8,Other / Uncategorized,Unclassified,none
NMFC 051080-05 70 784 19.80 Faucets; Bibcocks; ...,NMFC 051080-05 70 784 19.80 Faucets; Bibcocks; ...,1,155.23,Other / Uncategorized,Unclassified,none
NMFC 051080-05 70 793 53.98 Faucets; Bibcocks;,NMFC 051080-05 70 793 53.98 Faucets; Bibcocks;,1,428.06,Other / Uncategorized,Unclassified,none
NMFC 051080-05 70 385 MIN Faucets; Bibcocks; ...,NMFC 051080-05 70 385 MIN Faucets; Bibcocks; ...,1,118.25,Other / Uncategorized,Unclassified,none
NMFC 051080-05 70 345 46.82 Faucets; Bibcocks;,NMFC 051080-05 70 345 46.82 Faucets; Bibcocks;,1,161.53,Other / Uncategorized,Unclassified,none
NMFC 051080-05 70 880 35.16 Faucets; Bibcocks;,NMFC 051080-05 70 880 35.16 Faucets; Bibcocks;,1,309.41,Other / Uncategorized,Unclassified,none
NMFC 051080-05 70 255 MIN Faucets; Bibcocks;,NMFC 051080-05 70 255 MIN Faucets; Bibcocks;,1,118.25,Other / Uncategorized,Unclassified,none
"NMFC 051080-05 70 205 MIN Faucets, Bibcocks, ...","NMFC 051080-05 70 205 MIN Faucets, Bibcocks, ...",1,118.25,Other / Uncategorized,Unclassified,none
NMFC 051080-05 70 205 MIN Faucets; Bibcocks; ...,NMFC 051080-05 70 205 MIN Faucets; Bibcocks; ...,1,158.29,Other / Uncategorized,Unclassified,none
NMFC 051080-05 70 213 MIN Faucets; Bibcocks; ...,NMFC 051080-05 70 213 MIN Faucets; Bibcocks; ...,1,173.02,Other / Uncategorized,Unclassified,none
"NMFC 051080-05 70 217 MIN Faucets, Bibcocks,","NMFC 051080-05 70 217 MIN Faucets, Bibcocks,",1,158.29,Other / Uncategorized,Unclassified,none
NMFC 051080-05 70 236 MIN Faucets; Bibcocks;,NMFC 051080-05 70 236 MIN Faucets; Bibcocks;,1,142.94,Other / Uncategorized,Unclassified,none
NMFC 051080-05 70 245 MIN Faucets; Bibcocks; ...,NMFC 051080-05 70 245 MIN Faucets; Bibcocks; ...,1,173.02,Other / Uncategorized,Unclassified,none
NMFC 051080-05 70 250 MIN Faucets; Bibcocks; ...,NMFC 051080-05 70 250 MIN Faucets; Bibcocks; ...,1,173.02,Other / Uncategorized,Unclassified,none
NMFC 051080-05 70 269 MIN Faucets; Bibcocks;,NMFC 051080-05 70 269 MIN Faucets; Bibcocks;,1,118.25,Other / Uncategorized,Unclassified,none
NMFC 051080-05 70 3408 40.03 Faucets; Bibcocks; ...,NMFC 051080-05 70 3408 40.03 Faucets; Bibcocks; ...,1,1364.22,Other / Uncategorized,Unclassified,none
NMFC 051080-05 70 301 MIN Faucets; Bibcocks;,NMFC 051080-05 70 301 MIN Faucets; Bibcocks;,1,118.25,Other / Uncategorized,Unclassified,none
"NMFC 051080-05 70 315 MIN Faucets, Bibcocks,","NMFC 051080-05 70 315 MIN Faucets, Bibcocks,",1,118.25,Other / Uncategorized,Unclassified,none
NMFC 051080-05 70 315 MIN Faucets; Bibcocks;,NMFC 051080-05 70 315 MIN Faucets; Bibcocks;,1,158.29,Other / Uncategorized,Unclassified,none
NMFC 051080-05 70 320 MIN Faucets; Bibcocks;,NMFC 051080-05 70 320 MIN Faucets; Bibcocks;,1,118.25,Other / Uncategorized,Unclassified,none
NMFC 051080-05 70 3247 40.03 Faucets; Bibcocks;,NMFC 051080-05 70 3247 40.03 Faucets; Bibcocks;,1,1299.77,Other / Uncategorized,Unclassified,none
NMFC 051080-05 70 327 MIN Faucets; Bibcocks;,NMFC 051080-05 70 327 MIN Faucets; Bibcocks;,1,158.29,Other / Uncategorized,Unclassified,none
NMFC 051080-05 70 340 MIN Faucets; Bibcocks;,NMFC 051080-05 70 340 MIN Faucets; Bibcocks;,1,158.29,Other / Uncategorized,Unclassified,none
NMFC 051080-05 70 86 MIN Faucets; Bibcocks;,NMFC 051080-05 70 86 MIN Faucets; Bibcocks;,1,142.94,Other / Uncategorized,Unclassified,none
"NMFC 051080-05 70 90 MIN Faucets, Bibcocks,","NMFC 051080-05 70 90 MIN Faucets, Bibcocks,",1,158.29,Other / Uncategorized,Unclassified,none
NMFC 051080-05 Faucets; Bibcocks; 70 245 MIN,NMFC 051080-05 Faucets; Bibcocks; 70 245 MIN,1,254.09,Other / Uncategorized,Unclassified,none
NMFC 051080-05 Faucets; Bibcocks; 70 191 MIN,NMFC 051080-05 Faucets; Bibcocks; 70 191 MIN,1,142.94,Other / Uncategorized,Unclassified,none
NMFC 051080-05 Faucets; Bibcocks; 70 115 MIN,NMFC 051080-05 Faucets; Bibcocks; 70 115 MIN,1,173.02,Other / Uncategorized,Unclassified,none
NMFC 051080-05 Faucets; Bibcocks; 70 125 MIN,NMFC 051080-05 Faucets; Bibcocks; 70 125 MIN,1,118.25,Other / Uncategorized,Unclassified,none
NMFC 051080-05 Faucets; Bibcocks; 70 128 MIN,NMFC 051080-05 Faucets; Bibcocks; 70 128 MIN,1,158.29,Other / Uncategorized,Unclassified,none
NMFC 051080-05 Faucets; Bibcocks; 70 129 MIN,NMFC 051080-05 Faucets; Bibcocks; 70 129 MIN,1,173.02,Other / Uncategorized,Unclassified,none
NMFC 051080-05 Faucets; Bibcocks; 70 1452 19.68,NMFC 051080-05 Faucets; Bibcocks; 70 1452 19.68,1,285.75,Other / Uncategorized,Unclassified,none
NMFC 051080-05 Faucets; Bibcocks; 70 150 MIN,NMFC 051080-05 Faucets; Bibcocks; 70 150 MIN,1,158.29,Other / Uncategorized,Unclassified,none
NMFC 051080-05 Faucets; Bibcocks; 70 151 MIN,NMFC 051080-05 Faucets; Bibcocks; 70 151 MIN,1,118.25,Other / Uncategorized,Unclassified,none
NMFC 051080-05 Faucets; Bibcocks; 70 1935 17.60,NMFC 051080-05 Faucets; Bibcocks; 70 1935 17.60,1,340.56,Other / Uncategorized,Unclassified,none
NMFC 051080-05 Faucets; Bibcocks; 70 110 MIN,NMFC 051080-05 Faucets; Bibcocks; 70 110 MIN,1,158.29,Other / Uncategorized,Unclassified,none
NMFC 051080-05 Faucets; Bibcocks; 70 195 MIN,NMFC 051080-05 Faucets; Bibcocks; 70 195 MIN,1,173.02,Other / Uncategorized,Unclassified,none
NMFC 051080-05 Faucets; Bibcocks; 70 205 MIN,NMFC 051080-05 Faucets; Bibcocks; 70 205 MIN,1,118.25,Other / Uncategorized,Unclassified,none
NMFC 051080-05 Faucets; Bibcocks; 70 210 MIN,NMFC 051080-05 Faucets; Bibcocks; 70 210 MIN,1,158.29,Other / Uncategorized,Unclassified,none
NMFC 051080-05 Faucets; Bibcocks; 70 225 MIN,NMFC 051080-05 Faucets; Bibcocks; 70 225 MIN,1,158.29,Other / Uncategorized,Unclassified,none
NMFC 051080-05 Faucets; Bibcocks; 70 229 MIN,NMFC 051080-05 Faucets; Bibcocks; 70 229 MIN,1,142.94,Other / Uncategorized,Unclassified,none
NMFC 051080-05 Faucets; Bibcocks; 70 235 MIN,NMFC 051080-05 Faucets; Bibcocks; 70 235 MIN,1,158.29,Other / Uncategorized,Unclassified,none
NMFC 051080-05 Faucets; Bibcocks; 70 240 MIN,NMFC 051080-05 Faucets; Bibcocks; 70 240 MIN,1,254.09,Other / Uncategorized,Unclassified,none
NMFC 051080-05 Faucets; Bibcocks; 70 114 MIN,NMFC 051080-05 Faucets; Bibcocks; 70 114 MIN,1,118.25,Other / Uncategorized,Unclassified,none
NMFC 051080-05 Faucets; Bibcocks; 70 1070 16.30,NMFC 051080-05 Faucets; Bibcocks; 70 1070 16.30,1,174.41,Other / Uncategorized,Unclassified,none
"NMFC 051080-05 70 90 MIN Faucets, Bibcocks, ...","NMFC 051080-05 70 90 MIN Faucets, Bibcocks, ...",1,173.02,Other / Uncategorized,Unclassified,none
"NMFC 051080-05 Faucets, Bibcocks, 70 230 MIN","NMFC 051080-05 Faucets, Bibcocks, 70 230 MIN",1,173.02,Other / Uncategorized,Unclassified,none
NMFC 051080-05 70 945 24.79 Faucets; Bibcocks; ...,NMFC 051080-05 70 945 24.79 Faucets; Bibcocks; ...,1,234.27,Other / Uncategorized,Unclassified,none
NMFC 051080-05 70 95 MIN Faucets; Bibcocks;,NMFC 051080-05 70 95 MIN Faucets; Bibcocks;,1,173.02,Other / Uncategorized,Unclassified,none
NMFC 051080-05 70 960 50.72 Faucets; Bibcocks; ...,NMFC 051080-05 70 960 50.72 Faucets; Bibcocks; ...,1,486.91,Other / Uncategorized,Unclassified,none
NMFC 051080-05 70 968 19.00 Faucets; Bibcocks;,NMFC 051080-05 70 968 19.00 Faucets; Bibcocks;,1,183.92,Other / Uncategorized,Unclassified,none
NMFC 051080-05 85 120 MIN Faucets; Bibcocks;,NMFC 051080-05 85 120 MIN Faucets; Bibcocks;,1,158.29,Other / Uncategorized,Unclassified,none
"NMFC 051080-05 Faucets, Bibcocks, 70 175 MIN","NMFC 051080-05 Faucets, Bibcocks, 70 175 MIN",1,118.25,Other / Uncategorized,Unclassified,none
"NMFC 051080-05 Faucets, Bibcocks, 70 180 MIN","NMFC 051080-05 Faucets, Bibcocks, 70 180 MIN",1,118.25,Other / Uncategorized,Unclassified,none
"NMFC 051080-05 Faucets, Bibcocks, 70 235 MIN","NMFC 051080-05 Faucets, Bibcocks, 70 235 MIN",1,254.09,Other / Uncategorized,Unclassified,none
NMFC 051080-05 Faucets; Bibcocks; 70 1025 21.87,NMFC 051080-05 Faucets; Bibcocks; 70 1025 21.87,1,224.17,Other / Uncategorized,Unclassified,none
"NMFC 051080-05 Faucets, Bibcocks, 70 255 MIN","NMFC 051080-05 Faucets, Bibcocks, 70 255 MIN",1,158.29,Other / Uncategorized,Unclassified,none
"NMFC 051080-05 Faucets, Bibcocks, 70 265 MIN","NMFC 051080-05 Faucets, Bibcocks, 70 265 MIN",1,173.02,Other / Uncategorized,Unclassified,none
"NMFC 051080-05 Faucets, Bibcocks, 70 90 MIN","NMFC 051080-05 Faucets, Bibcocks, 70 90 MIN",1,158.29,Other / Uncategorized,Unclassified,none
NMFC 051080-05 Faucets; Bibcocks; ... 70 105 MIN,NMFC 051080-05 Faucets; Bibcocks; ... 70 105 MIN,1,158.29,Other / Uncategorized,Unclassified,none
NMFC 051080-05 Faucets; Bibcocks; ... 70 282 MIN,NMFC 051080-05 Faucets; Bibcocks; ... 70 282 MIN,1,158.29,Other / Uncategorized,Unclassified,none
NMFC 051080-05 Faucets; Bibcocks; 70 76 MIN,NMFC 051080-05 Faucets; Bibcocks; 70 76 MIN,1,158.29,Other / Uncategorized,Unclassified,none
NMFC 051080-05 Faucets; Bibcocks; 70 1005 18.94,NMFC 051080-05 Faucets; Bibcocks; 70 1005 18.94,1,190.35,Other / Uncategorized,Unclassified,none
NMFC 051080-05 Faucets; Bibcocks; 70 735 23.89,NMFC 051080-05 Faucets; Bibcocks; 70 735 23.89,1,175.59,Other / Uncategorized,Unclassified,none
NON-CONVEYABLE PIECE - IRREGULAR,NON-CONVEYABLE PIECE - IRREGULAR,1,20.0,Other / Uncategorized,Unclassified,none
NMFC 051080-05 Faucets; Bibcocks; 70 80 MIN,NMFC 051080-05 Faucets; Bibcocks; 70 80 MIN,1,118.25,Other / Uncategorized,Unclassified,none
REUSABLE WOODEN CRATES 125 250 MIN,REUSABLE WOODEN CRATES 125 250 MIN,1,158.29,Other / Uncategorized,Unclassified,none
REWEIGH FEE,REWEIGH FEE,1,40.0,Other / Uncategorized,Unclassified,none
REWEIGH OR RECLASSIFY 850,REWEIGH OR RECLASSIFY 850,1,39.0,Other / Uncategorized,Unclassified,none
ROUGH IRON CASTINGS NOIBN 50 13505 7.44,ROUGH IRON CASTINGS NOIBN 50 13505 7.44,1,1004.77,Other / Uncategorized,Unclassified,none
Reclass,Reclass,1,93.29,Other / Uncategorized,Unclassified,none
Retourzendingen Extra Tariefposten,Retourzendingen Extra Tariefposten,1,44.0,Other / Uncategorized,Unclassified,none
Reweigh,Reweigh,1,76.47,Other / Uncategorized,Unclassified,none
Reweigh to 5000lbs ,Reweigh to 5000lbs ,1,331.8,Other / Uncategorized,Unclassified,none
Rolls,Rolls,1,900.0,Other / Uncategorized,Unclassified,none
SEALED AIR CORP PRODUCT 60 2323 9.97,SEALED AIR CORP PRODUCT 60 2323 9.97,1,231.6,Other / Uncategorized,Unclassified,none
SKD MEDICAL DEVICES CLASS 175.0 48.0 X 40.0 X 43.0 271 81785,SKD MEDICAL DEVICES CLASS 175.0 48.0 X 40.0 X 43.0 271 81785,1,2216.37,Other / Uncategorized,Unclassified,none
SPRINTER VAN,SPRINTER VAN,1,400.0,Other / Uncategorized,Unclassified,none
STAINLESS SHAFTS 150 324 MIN,STAINLESS SHAFTS 150 324 MIN,1,118.25,Other / Uncategorized,Unclassified,none
STAMPED PTS 70 2000 16.18,STAMPED PTS 70 2000 16.18,1,323.6,Other / Uncategorized,Unclassified,none
STC 1 PC 65 1255 34.41,STC 1 PC 65 1255 34.41,1,431.85,Other / Uncategorized,Unclassified,none
STC 13 BXS 70 255 MIN,STC 13 BXS 70 255 MIN,1,173.02,Other / Uncategorized,Unclassified,none
STC 16BX 70 324 MIN,STC 16BX 70 324 MIN,1,173.02,Other / Uncategorized,Unclassified,none
STC 18BX 70 359 MIN,STC 18BX 70 359 MIN,1,173.02,Other / Uncategorized,Unclassified,none
REUSABLE WOODEN CRATES 70 750 30.74,REUSABLE WOODEN CRATES 70 750 30.74,1,230.55,Other / Uncategorized,Unclassified,none
REUSABLE CRATES 70 400 24.73,REUSABLE CRATES 70 400 24.73,1,98.92,Other / Uncategorized,Unclassified,none
NMFC 051080-05 Faucets; Bibcocks; 70 820 55.98,NMFC 051080-05 Faucets; Bibcocks; 70 820 55.98,1,459.04,Other / Uncategorized,Unclassified,none
REUSABLE BOXES 70 90 MIN,REUSABLE BOXES 70 90 MIN,1,158.29,Other / Uncategorized,Unclassified,none
PROCOMER FEE (FACTURA CONSOLIDADA DUAS LOCALES),PROCOMER FEE (FACTURA CONSOLIDADA DUAS LOCALES),1,51.0,Other / Uncategorized,Unclassified,none
Pallet 1/1 US/CA uses only 085 545 84447,Pallet 1/1 US/CA uses only 085 545 84447,1,4602.36,Other / Uncategorized,Unclassified,none
Pallet 1/1 US/CA uses only 100 381 55025,Pallet 1/1 US/CA uses only 100 381 55025,1,2096.45,Other / Uncategorized,Unclassified,none
Pallet Palstic Articles Density,Pallet Palstic Articles Density,1,134.0,Other / Uncategorized,Unclassified,none
Paper Goods or Articles; viz. 085 455 40832,Paper Goods or Articles; viz. 085 455 40832,1,1857.86,Other / Uncategorized,Unclassified,none
Paper Goods or Articles; viz. 092 1510 29055,Paper Goods or Articles; viz. 092 1510 29055,1,4387.31,Other / Uncategorized,Unclassified,none
Parking,Parking,1,2.0,Other / Uncategorized,Unclassified,none
Per invoice pay $281.20,Per invoice pay $281.20,1,281.2,Other / Uncategorized,Unclassified,none
Pre Release Notification,Pre Release Notification,1,25.0,Other / Uncategorized,Unclassified,none
RAW CASTINGS 50 330 MIN,RAW CASTINGS 50 330 MIN,1,118.25,Other / Uncategorized,Unclassified,none
RAW CASTINGS 50 332 MIN,RAW CASTINGS 50 332 MIN,1,118.25,Other / Uncategorized,Unclassified,none
RAW CASTINGS 60 373 MIN,RAW CASTINGS 60 373 MIN,1,118.25,Other / Uncategorized,Unclassified,none
RECH RECOVER AND HOLD,RECH RECOVER AND HOLD,1,50.0,Other / Uncategorized,Unclassified,none
RECONSIGNMENT,RECONSIGNMENT,1,1228.41,Other / Uncategorized,Unclassified,none
REMOTE TABLE M,REMOTE TABLE M,1,40.0,Other / Uncategorized,Unclassified,none
RETURN,RETURN,1,300.0,Other / Uncategorized,Unclassified,none
REUSABLE BOXES 70 250 MIN,REUSABLE BOXES 70 250 MIN,1,158.29,Other / Uncategorized,Unclassified,none
STC 22 BXS 70 391 MIN,STC 22 BXS 70 391 MIN,1,173.02,Other / Uncategorized,Unclassified,none
STC 22BX 70 428 40.81,STC 22BX 70 428 40.81,1,174.67,Other / Uncategorized,Unclassified,none
STC 29BX 70 926 29.65,STC 29BX 70 926 29.65,1,274.56,Other / Uncategorized,Unclassified,none
STEEL NOI 50 470 MIN,STEEL NOI 50 470 MIN,1,118.25,Other / Uncategorized,Unclassified,none
VALVES 60 80 MIN,VALVES 60 80 MIN,1,118.25,Other / Uncategorized,Unclassified,none
VALVES 70 100 MIN,VALVES 70 100 MIN,1,158.29,Other / Uncategorized,Unclassified,none
VALVES 70 124 MIN,VALVES 70 124 MIN,1,118.25,Other / Uncategorized,Unclassified,none
VALVES 70 161 MIN,VALVES 70 161 MIN,1,118.25,Other / Uncategorized,Unclassified,none
VALVES 70 260 MIN,VALVES 70 260 MIN,1,118.25,Other / Uncategorized,Unclassified,none
VALVES 70 285 MIN,VALVES 70 285 MIN,1,118.25,Other / Uncategorized,Unclassified,none
VALVES 70 350 75.96,VALVES 70 350 75.96,1,265.86,Other / Uncategorized,Unclassified,none
VALVES 70 540 56.83,VALVES 70 540 56.83,1,306.88,Other / Uncategorized,Unclassified,none
VALVES 70 614 46.16,VALVES 70 614 46.16,1,283.42,Other / Uncategorized,Unclassified,none
VrachtkostenÂ ,VrachtkostenÂ ,1,465.0,Other / Uncategorized,Unclassified,none
W&I FEE,W&I FEE,1,13.5,Other / Uncategorized,Unclassified,none
WARREN CONTROLS CORP PRODUCT 60 125 MIN,WARREN CONTROLS CORP PRODUCT 60 125 MIN,1,142.94,Other / Uncategorized,Unclassified,none
WARREN CONTROLS PRODUCT 70 195 MIN,WARREN CONTROLS PRODUCT 70 195 MIN,1,173.02,Other / Uncategorized,Unclassified,none
WOODEN CRATES 70 500 MIN,WOODEN CRATES 70 500 MIN,1,158.29,Other / Uncategorized,Unclassified,none
X 40.0 X 57.0 275 87606,X 40.0 X 57.0 275 87606,1,2409.17,Other / Uncategorized,Unclassified,none
YARD PULL,YARD PULL,1,150.0,Other / Uncategorized,Unclassified,none
| SS E,| SS E,1,19.5,Other / Uncategorized,Unclassified,none
VALVE 60 50 MIN,VALVE 60 50 MIN,1,118.25,Other / Uncategorized,Unclassified,none
UNKNOWN PRODUCT NO DESCRIPTION GIVEN 150 190 MIN -,UNKNOWN PRODUCT NO DESCRIPTION GIVEN 150 190 MIN -,1,158.29,Other / Uncategorized,Unclassified,none
Tolgelden ,Tolgelden ,1,1.33,Other / Uncategorized,Unclassified,none
Standard-Large Slick Mailer,Standard-Large Slick Mailer,1,3.49,Other / Uncategorized,Unclassified,none
STEEL RODS 50 625 28.78,STEEL RODS 50 625 28.78,1,179.88,Other / Uncategorized,Unclassified,none
STEEL RODS 50 632 28.78,STEEL RODS 50 632 28.78,1,181.89,Other / Uncategorized,Unclassified,none
Special Services,Special Services,1,1.16,Other / Uncategorized,Unclassified,none
Standard- Golf Bag Box,Standard- Golf Bag Box,1,26.99,Other / Uncategorized,Unclassified,none
Standard- Heavy Materials,Standard- Heavy Materials,1,13.99,Other / Uncategorized,Unclassified,none
"Standard- Large, 24x24x24","Standard- Large, 24x24x24",1,21.99,Other / Uncategorized,Unclassified,none
"Standard- Small, 8x8x8","Standard- Small, 8x8x8",1,5.49,Other / Uncategorized,Unclassified,none
T/C 7,T/C 7,1,23.05,Other / Uncategorized,Unclassified,none
Tariff Update,Tariff Update,1,10.22,Other / Uncategorized,Unclassified,none
TELEX RELEASE FEE,TELEX RELEASE FEE,1,25.0,Other / Uncategorized,Unclassified,none
THC,THC,1,81.18,Other / Uncategorized,Unclassified,none
THOMPSON INVESTMENT CASTING PRODUCT 60 115 MIN,THOMPSON INVESTMENT CASTING PRODUCT 60 115 MIN,1,118.25,Other / Uncategorized,Unclassified,none
THOMPSON INVESTMENT CASTING PRODUCT 60 127 MIN,THOMPSON INVESTMENT CASTING PRODUCT 60 127 MIN,1,118.25,Other / Uncategorized,Unclassified,none
TICA FEE,TICA FEE,1,40.0,Other / Uncategorized,Unclassified,none
TOL NEDERLAND,TOL NEDERLAND,1,0.44,Other / Uncategorized,Unclassified,none
TONU,TONU,1,97.0,Other / Uncategorized,Unclassified,none
PRINTED LABELS 55 951 17.56,PRINTED LABELS 55 951 17.56,1,167.0,Other / Uncategorized,Unclassified,none
PRINTED LABELS 55 840 17.56,PRINTED LABELS 55 840 17.56,1,147.5,Other / Uncategorized,Unclassified,none
PRINTED LABELS 55 685 23.23,PRINTED LABELS 55 685 23.23,1,159.13,Other / Uncategorized,Unclassified,none
NMFC 156830-08 Film or Sheeting; 55 394 6.85,NMFC 156830-08 Film or Sheeting; 55 394 6.85,1,26.99,Other / Uncategorized,Unclassified,none
NMFC 133300-03 OR * 125 103 MIN MACHINERY; NOI;,NMFC 133300-03 OR * 125 103 MIN MACHINERY; NOI;,1,173.02,Other / Uncategorized,Unclassified,none
NMFC 133300-03 OR * 125 1045 38.56 MACHINERY; NOI;,NMFC 133300-03 OR * 125 1045 38.56 MACHINERY; NOI;,1,402.95,Other / Uncategorized,Unclassified,none
"NMFC 133300-03 OR * 125 126 MIN MACHINERY, NOI,","NMFC 133300-03 OR * 125 126 MIN MACHINERY, NOI,",1,158.29,Other / Uncategorized,Unclassified,none
NMFC 133300-03 OR * 125 190 MIN MACHINERY; NOI;,NMFC 133300-03 OR * 125 190 MIN MACHINERY; NOI;,1,158.29,Other / Uncategorized,Unclassified,none
NMFC 133300-03 OR * 125 250 MIN MACHINERY; NOI;,NMFC 133300-03 OR * 125 250 MIN MACHINERY; NOI;,1,158.29,Other / Uncategorized,Unclassified,none
"NMFC 133300-03 OR * 125 390 70.14 MACHINERY, NOI,","NMFC 133300-03 OR * 125 390 70.14 MACHINERY, NOI,",1,273.55,Other / Uncategorized,Unclassified,none
NMFC 133300-03 OR * 125 85 MIN MACHINERY; NOI;,NMFC 133300-03 OR * 125 85 MIN MACHINERY; NOI;,1,254.09,Other / Uncategorized,Unclassified,none
NMFC 133300-04 85 592 31.83,NMFC 133300-04 85 592 31.83,1,188.43,Other / Uncategorized,Unclassified,none
NMFC 133300-04 OR * 85 105 MIN,NMFC 133300-04 OR * 85 105 MIN,1,173.02,Other / Uncategorized,Unclassified,none
NMFC 133300-04 OR * 85 2998 31.91 MACHINERY; NOI;,NMFC 133300-04 OR * 85 2998 31.91 MACHINERY; NOI;,1,956.66,Other / Uncategorized,Unclassified,none
NMFC 133300-05 MACHINERY; NOI; OR * 65 525 32.46,NMFC 133300-05 MACHINERY; NOI; OR * 65 525 32.46,1,170.42,Other / Uncategorized,Unclassified,none
NMFC 150005-07 PAINT AND RELATED M * 92.5 440 25.21,NMFC 150005-07 PAINT AND RELATED M * 92.5 440 25.21,1,110.92,Other / Uncategorized,Unclassified,none
NMFC 156600-02 Articles; see Notes; item 300 85 100.23,NMFC 156600-02 Articles; see Notes; item 300 85 100.23,1,85.2,Other / Uncategorized,Unclassified,none
NMFC 156600-03 item 250 117 33.41 Articles; see Notes;,NMFC 156600-03 item 250 117 33.41 Articles; see Notes;,1,39.09,Other / Uncategorized,Unclassified,none
NMFC 156600-04 PLASTIC O * 175 227 MIN ARTICLES;,NMFC 156600-04 PLASTIC O * 175 227 MIN ARTICLES;,1,118.25,Other / Uncategorized,Unclassified,none
NMFC 156600-06 PLASTIC O * 100 498 MIN ARTICLES;,NMFC 156600-06 PLASTIC O * 100 498 MIN ARTICLES;,1,118.25,Other / Uncategorized,Unclassified,none
NMFC 156830- Film or Sheeting; 55 394 6.85,NMFC 156830- Film or Sheeting; 55 394 6.85,1,26.99,Other / Uncategorized,Unclassified,none
NMFC 133300-03 MACHINERY; NOI; OR * 125 71 MIN,NMFC 133300-03 MACHINERY; NOI; OR * 125 71 MIN,1,158.29,Other / Uncategorized,Unclassified,none
NMFC 133300-03 125 90 MIN,NMFC 133300-03 125 90 MIN,1,158.29,Other / Uncategorized,Unclassified,none
NMFC 133300-03 125 5192 26.23,NMFC 133300-03 125 5192 26.23,1,1361.86,Other / Uncategorized,Unclassified,none
NMFC 133300-02 OR * 250 145 MIN MACHINERY; NOI;,NMFC 133300-02 OR * 250 145 MIN MACHINERY; NOI;,1,142.94,Other / Uncategorized,Unclassified,none
NMFC 051080-05 Faucets; Bibcocks; 70 8805 25.34,NMFC 051080-05 Faucets; Bibcocks; 70 8805 25.34,1,2231.19,Other / Uncategorized,Unclassified,none
NMFC 051080-06 Faucets; Bibcocks; 70 595 MIN,NMFC 051080-06 Faucets; Bibcocks; 70 595 MIN,1,158.29,Other / Uncategorized,Unclassified,none
NMFC 061700-08 ELECTRICAL APPLIANCE * 85 535 32.46,NMFC 061700-08 ELECTRICAL APPLIANCE * 85 535 32.46,1,173.66,Other / Uncategorized,Unclassified,none
NMFC 095190-03 NOI * 250 500 MIN HARDWARE;,NMFC 095190-03 NOI * 250 500 MIN HARDWARE;,1,118.25,Other / Uncategorized,Unclassified,none
NMFC 133300-02 250 94 MIN,NMFC 133300-02 250 94 MIN,1,173.02,Other / Uncategorized,Unclassified,none
NMFC 133300-02 MACHINERY; NOI; OR * 250 11 MIN,NMFC 133300-02 MACHINERY; NOI; OR * 250 11 MIN,1,142.94,Other / Uncategorized,Unclassified,none
NMFC 133300-02 MACHINERY; NOI; OR * 250 77 MIN,NMFC 133300-02 MACHINERY; NOI; OR * 250 77 MIN,1,173.02,Other / Uncategorized,Unclassified,none
NMFC 133300-02 OR * 250 227 MIN MACHINERY; NOI;,NMFC 133300-02 OR * 250 227 MIN MACHINERY; NOI;,1,173.02,Other / Uncategorized,Unclassified,none
NMFC 133300-03 125 454 35.62,NMFC 133300-03 125 454 35.62,1,161.71,Other / Uncategorized,Unclassified,none
NMFC 133300-02 OR * 250 252 MIN MACHINERY; NOI;,NMFC 133300-02 OR * 250 252 MIN MACHINERY; NOI;,1,158.29,Other / Uncategorized,Unclassified,none
NMFC 133300-02 OR * 250 266 MIN MACHINERY; NOI;,NMFC 133300-02 OR * 250 266 MIN MACHINERY; NOI;,1,158.29,Other / Uncategorized,Unclassified,none
NMFC 133300-02 OR * 250 43 MIN MACHINERY; NOI;,NMFC 133300-02 OR * 250 43 MIN MACHINERY; NOI;,1,158.29,Other / Uncategorized,Unclassified,none
NMFC 133300-02 OR * 250 465 60.53 MACHINERY; NOI;,NMFC 133300-02 OR * 250 465 60.53 MACHINERY; NOI;,1,281.46,Other / Uncategorized,Unclassified,none
NMFC 133300-02 OR * 250 635 64.74 MACHINERY; NOI;,NMFC 133300-02 OR * 250 635 64.74 MACHINERY; NOI;,1,411.1,Other / Uncategorized,Unclassified,none
NMFC 133300-03 125 102 MIN,NMFC 133300-03 125 102 MIN,1,254.09,Other / Uncategorized,Unclassified,none
NMFC 133300-03 125 1940 23.20,NMFC 133300-03 125 1940 23.20,1,450.08,Other / Uncategorized,Unclassified,none
NMFC 156830- Film or Sheeting; 55 394 MIN,NMFC 156830- Film or Sheeting; 55 394 MIN,1,118.25,Other / Uncategorized,Unclassified,none
NMFC 158880-04 PLUMBERS NOI * 175 70 MIN GOODS;,NMFC 158880-04 PLUMBERS NOI * 175 70 MIN GOODS;,1,158.29,Other / Uncategorized,Unclassified,none
PRINTED LABELS 55 549 23.23,PRINTED LABELS 55 549 23.23,1,127.53,Other / Uncategorized,Unclassified,none
NMFC 95190-08 HARDWARE NOI 85 4890 13.98,NMFC 95190-08 HARDWARE NOI 85 4890 13.98,1,683.62,Other / Uncategorized,Unclassified,none
PIECE CABLE OR WIRE 042/42/26 1 PC 70.0 696 122.00,PIECE CABLE OR WIRE 042/42/26 1 PC 70.0 696 122.00,1,849.12,Other / Uncategorized,Unclassified,none
PIECE FILM OR SHEETING LT 15 PCF 048/40/ 110.0 225 F/C,PIECE FILM OR SHEETING LT 15 PCF 048/40/ 110.0 225 F/C,1,134.0,Other / Uncategorized,Unclassified,none
PIECE FILM OR SHEETING NOI - DENSITY LESS 92.5 122 F/C,PIECE FILM OR SHEETING NOI - DENSITY LESS 92.5 122 F/C,1,151.0,Other / Uncategorized,Unclassified,none
PIECE FUME HOOD 038/30/34 1,PIECE FUME HOOD 038/30/34 1,1,626.39,Other / Uncategorized,Unclassified,none
PIECE FUME HOOD 081/31/73 1,PIECE FUME HOOD 081/31/73 1,1,2436.52,Other / Uncategorized,Unclassified,none
PIECE FUME HOOD 081/31/73 1 PC,PIECE FUME HOOD 081/31/73 1 PC,1,2430.35,Other / Uncategorized,Unclassified,none
PIECE FURNE HOOD 055/36/85 1,PIECE FURNE HOOD 055/36/85 1,1,1970.8,Other / Uncategorized,Unclassified,none
PIECE MEDICAL SUPPLIES NOI - DENSITY 6 BU 125.0 157 F/C,PIECE MEDICAL SUPPLIES NOI - DENSITY 6 BU 125.0 157 F/C,1,139.0,Other / Uncategorized,Unclassified,none
PIECE MEDICAL SUPPLIES NOI DENSITY 6 BUT 125.0 250 F/C,PIECE MEDICAL SUPPLIES NOI DENSITY 6 BUT 125.0 250 F/C,1,128.0,Other / Uncategorized,Unclassified,none
PIECE STEEL EXPANSION TANK OTHER THAN BOX 150.0 1;352 147.69,PIECE STEEL EXPANSION TANK OTHER THAN BOX 150.0 1;352 147.69,1,1996.77,Other / Uncategorized,Unclassified,none
PLASTIC ARTICLES 100 378 MIN,PLASTIC ARTICLES 100 378 MIN,1,118.25,Other / Uncategorized,Unclassified,none
PLASTIC ARTICLES NMFC,PLASTIC ARTICLES NMFC,1,3813.09,Other / Uncategorized,Unclassified,none
PLASTIC ARTICLES ,PLASTIC ARTICLES ,1,1396.14,Other / Uncategorized,Unclassified,none
PR Std Lg 20x20x12,PR Std Lg 20x20x12,1,11.99,Other / Uncategorized,Unclassified,none
PRE-MANIFEST FEE,PRE-MANIFEST FEE,1,15.0,Other / Uncategorized,Unclassified,none
PREPULL,PREPULL,1,175.0,Other / Uncategorized,Unclassified,none
PRINTED LABELS 55 514 23.23,PRINTED LABELS 55 514 23.23,1,119.4,Other / Uncategorized,Unclassified,none
PIECE CABLE OR WIRE 040/36/53 1 PC 70.0 640 122.00,PIECE CABLE OR WIRE 040/36/53 1 PC 70.0 640 122.00,1,780.8,Other / Uncategorized,Unclassified,none
PAPER CORES OR TUBES 1 Each $1;143.33,PAPER CORES OR TUBES 1 Each $1;143.33,1,1143.33,Other / Uncategorized,Unclassified,none
PALLETS 70 380 32.50 (PLASTIC),PALLETS 70 380 32.50 (PLASTIC),1,123.5,Other / Uncategorized,Unclassified,none
OVER DIM 240 IN,OVER DIM 240 IN,1,1337.0,Other / Uncategorized,Unclassified,none
NMFC 051080-05 70 195 MIN Faucets; Bibcocks; ...,NMFC 051080-05 70 195 MIN Faucets; Bibcocks; ...,1,158.29,Other / Uncategorized,Unclassified,none
NWCARBCTED CITY FEE FLAT,NWCARBCTED CITY FEE FLAT,1,77.0,Other / Uncategorized,Unclassified,none
NYHULL-BEND TESTER OR# HARDWARE *FXF 100001/05/26 ILC 11080,NYHULL-BEND TESTER OR# HARDWARE *FXF 100001/05/26 ILC 11080,1,2617.55,Other / Uncategorized,Unclassified,none
Non-Taxable Broker Fee,Non-Taxable Broker Fee,1,22.3,Other / Uncategorized,Unclassified,none
OILS NMFC 145100 S2,OILS NMFC 145100 S2,1,673.46,Other / Uncategorized,Unclassified,none
OVER DIM - 78 IN,OVER DIM - 78 IN,1,151.0,Other / Uncategorized,Unclassified,none
OVER DIM - 84.51 IN,OVER DIM - 84.51 IN,1,151.0,Other / Uncategorized,Unclassified,none
OVERSIZE PIECE,OVERSIZE PIECE,1,20.0,Other / Uncategorized,Unclassified,none
PALLET STEEL EXPANSION TANK - OTHER THAN B 150.0 167 F/C,PALLET STEEL EXPANSION TANK - OTHER THAN B 150.0 167 F/C,1,134.0,Other / Uncategorized,Unclassified,none
Org. Cargo Screening 1412;5 Kilogram(s) 0;10/KG,Org. Cargo Screening 1412;5 Kilogram(s) 0;10/KG,1,141.25,Other / Uncategorized,Unclassified,none
Org. Cargo Screening 87 Kilogram(s),Org. Cargo Screening 87 Kilogram(s),1,8.7,Other / Uncategorized,Unclassified,none
PACSU PACKING SUPPLIES UN LABELS 2.000 10.0000,PACSU PACKING SUPPLIES UN LABELS 2.000 10.0000,1,20.0,Other / Uncategorized,Unclassified,none
PAIL UN1688; SODIUM CACODYLATE; 6.1; PG 85.0 551 186.65,PAIL UN1688; SODIUM CACODYLATE; 6.1; PG 85.0 551 186.65,1,1028.44,Other / Uncategorized,Unclassified,none
PALLET FILM OR SHEETING NOI - DENSITY 30 o 55.0 971 107.35,PALLET FILM OR SHEETING NOI - DENSITY 30 o 55.0 971 107.35,1,1042.37,Other / Uncategorized,Unclassified,none
PALLET I168920-6 DVDS 15 BLT22.5 PCF 100.0 266 399.36,PALLET I168920-6 DVDS 15 BLT22.5 PCF 100.0 266 399.36,1,1062.3,Other / Uncategorized,Unclassified,none
PALLET MACHINERY 5 BLT 10 PCF 125.0 200 F/C,PALLET MACHINERY 5 BLT 10 PCF 125.0 200 F/C,1,134.0,Other / Uncategorized,Unclassified,none
NMFC 051080-05 70 2000 40.03 Faucets; Bibcocks;,NMFC 051080-05 70 2000 40.03 Faucets; Bibcocks;,1,800.6,Other / Uncategorized,Unclassified,none
(CL175) CLASS 175.0 (EX175) 393 EX175 66803,(CL175) CLASS 175.0 (EX175) 393 EX175 66803,1,2625.36,Other / Uncategorized,Unclassified,none
NMFC 051080-05 70 186 MIN Faucets; Bibcocks;,NMFC 051080-05 70 186 MIN Faucets; Bibcocks;,1,158.29,Other / Uncategorized,Unclassified,none
NMFC 051080-05 70 185 MIN Faucets; Bibcocks; ...,NMFC 051080-05 70 185 MIN Faucets; Bibcocks; ...,1,158.29,Other / Uncategorized,Unclassified,none
ACTUATORS 125 320 MIN,ACTUATORS 125 320 MIN,1,158.29,Other / Uncategorized,Unclassified,none
ACTUATORS 92.5 162 MIN,ACTUATORS 92.5 162 MIN,1,158.29,Other / Uncategorized,Unclassified,none
ACTUATORS 92.5 314 MIN,ACTUATORS 92.5 314 MIN,1,158.29,Other / Uncategorized,Unclassified,none
ACTUATORS 92.5 390 MIN,ACTUATORS 92.5 390 MIN,1,158.29,Other / Uncategorized,Unclassified,none
ACUATORS 70 165 MIN,ACUATORS 70 165 MIN,1,173.02,Other / Uncategorized,Unclassified,none
ADVANCES,ADVANCES,1,575.0,Other / Uncategorized,Unclassified,none
ADVANCES CONCORDIA SYDNEY,ADVANCES CONCORDIA SYDNEY,1,1599.1,Other / Uncategorized,Unclassified,none
AES Filing Fee,AES Filing Fee,1,25.0,Other / Uncategorized,Unclassified,none
AIR SWITCHES 100 346 MIN,AIR SWITCHES 100 346 MIN,1,118.25,Other / Uncategorized,Unclassified,none
ALUMINUM CASTINGS 70 4310 17.00,ALUMINUM CASTINGS 70 4310 17.00,1,732.7,Other / Uncategorized,Unclassified,none
AMS (Automated Manifest System),AMS (Automated Manifest System),1,35.0,Other / Uncategorized,Unclassified,none
AMS Fee,AMS Fee,1,35.0,Other / Uncategorized,Unclassified,none
ASSEMBLED 40X24X28 IT-62070-1 CL70 70 555 35.93,ASSEMBLED 40X24X28 IT-62070-1 CL70 70 555 35.93,1,199.41,Other / Uncategorized,Unclassified,none
ASSEMBLED 40X24X28~ IT-62070-1 CL70 70 285 MIN,ASSEMBLED 40X24X28~ IT-62070-1 CL70 70 285 MIN,1,173.02,Other / Uncategorized,Unclassified,none
ASSEMBLED IT-062070-1 CL70 70 268 MIN,ASSEMBLED IT-062070-1 CL70 70 268 MIN,1,226.29,Other / Uncategorized,Unclassified,none
ASSEMBLED IT-62070-1 CL70 40X24X28 70 328 29.65,ASSEMBLED IT-62070-1 CL70 40X24X28 70 328 29.65,1,97.25,Other / Uncategorized,Unclassified,none
ATDL ATTEMPTED TENDER,ATDL ATTEMPTED TENDER,1,75.0,Other / Uncategorized,Unclassified,none
ATDL ATTEMPTED TENDER UA,ATDL ATTEMPTED TENDER UA,1,45.0,Other / Uncategorized,Unclassified,none
Accessorial,AMS Fee,1,50.0,Other / Uncategorized,Unclassified,none
Accessorial,DEFICIT 170 2052,1,34.88,Other / Uncategorized,Unclassified,none
Accessorial,DEFICIT 95 3192,1,30.32,Other / Uncategorized,Unclassified,none
ACTUATORS 125 269 MIN,ACTUATORS 125 269 MIN,1,158.29,Other / Uncategorized,Unclassified,none
ACTUATORS 125 244 MIN,ACTUATORS 125 244 MIN,1,158.29,Other / Uncategorized,Unclassified,none
ACTUATORS 125 242 MIN,ACTUATORS 125 242 MIN,1,158.29,Other / Uncategorized,Unclassified,none
ACTUATOR 70 180 MIN,ACTUATOR 70 180 MIN,1,158.29,Other / Uncategorized,Unclassified,none
50 3;158 22.49,50 3;158 22.49,1,710.23,Other / Uncategorized,Unclassified,none
53.0 287 EX175 84600 (EX175),53.0 287 EX175 84600 (EX175),1,2428.02,Other / Uncategorized,Unclassified,none
61.0 338 EX175 81785 (EX175),61.0 338 EX175 81785 (EX175),1,2764.33,Other / Uncategorized,Unclassified,none
65.0 379 EX175 76639 (EX175),65.0 379 EX175 76639 (EX175),1,2904.62,Other / Uncategorized,Unclassified,none
68246558 SHPR# CONTROL VALVE *FXF 50101/05/26 ILS 04245 FAK RATES APPLIED,68246558 SHPR# CONTROL VALVE *FXF 50101/05/26 ILS 04245 FAK RATES APPLIED,1,954.89,Other / Uncategorized,Unclassified,none
70 FAK 55 1;051 26.17,70 FAK 55 1;051 26.17,1,275.05,Other / Uncategorized,Unclassified,none
74.0 433 EX175 56272 (EX175),74.0 433 EX175 56272 (EX175),1,2436.58,Other / Uncategorized,Unclassified,none
ACTUATOR 70 105 MIN,ACTUATOR 70 105 MIN,1,173.02,Other / Uncategorized,Unclassified,none
ACTUATOR 70 175 MIN,ACTUATOR 70 175 MIN,1,173.02,Other / Uncategorized,Unclassified,none
ACTUATOR 70 86 MIN,ACTUATOR 70 86 MIN,1,173.02,Other / Uncategorized,Unclassified,none
ACTUATORS 125 140 MIN,ACTUATORS 125 140 MIN,1,158.29,Other / Uncategorized,Unclassified,none
ACTUATOR 70 90 MIN,ACTUATOR 70 90 MIN,1,158.29,Other / Uncategorized,Unclassified,none
ACTUATOR 70 95 MIN,ACTUATOR 70 95 MIN,1,158.29,Other / Uncategorized,Unclassified,none
ACTUATOR 70 960 23.58,ACTUATOR 70 960 23.58,1,226.37,Other / Uncategorized,Unclassified,none
ACTUATORS 100 178 MIN,ACTUATORS 100 178 MIN,1,158.29,Other / Uncategorized,Unclassified,none
ACTUATORS 100 224 MIN,ACTUATORS 100 224 MIN,1,158.29,Other / Uncategorized,Unclassified,none
ACTUATORS 100 241 MIN,ACTUATORS 100 241 MIN,1,158.29,Other / Uncategorized,Unclassified,none
ACTUATORS 100 355 MIN,ACTUATORS 100 355 MIN,1,158.29,Other / Uncategorized,Unclassified,none
ACTUATORS 100 550 MIN,ACTUATORS 100 550 MIN,1,158.29,Other / Uncategorized,Unclassified,none
ACTUATORS 125 122 MIN,ACTUATORS 125 122 MIN,1,158.29,Other / Uncategorized,Unclassified,none
Accessorial,DEFICIT WGT ADDED TO RATE AS 1;000 100 330.97,1,330.97,Other / Uncategorized,Unclassified,none
Accessorial,DEFICIT WGT ADDED TO RATE AS 1;000 29 107.35,1,31.13,Other / Uncategorized,Unclassified,none
Accessorial,DEFICIT WGT ADDED TO RATE AS 1;000 6 114.39,1,6.86,Other / Uncategorized,Unclassified,none
CERTIFICATE Z,CERTIFICATE Z,1,14.73,Other / Uncategorized,Unclassified,none
Business or Office Machines; viz. 060 2711 7749,Business or Office Machines; viz. 060 2711 7749,1,2100.75,Other / Uncategorized,Unclassified,none
Business or Office Machines; viz. 060 4400 9149,Business or Office Machines; viz. 060 4400 9149,1,4025.56,Other / Uncategorized,Unclassified,none
CARTAGE,CARTAGE,1,69.3,Other / Uncategorized,Unclassified,none
CASCADES CONTAINERBOARD,CASCADES CONTAINERBOARD,1,125.0,Other / Uncategorized,Unclassified,none
CASTINGS 50 320 MIN,CASTINGS 50 320 MIN,1,118.25,Other / Uncategorized,Unclassified,none
CASTINGS 60 2575 21.51,CASTINGS 60 2575 21.51,1,553.88,Other / Uncategorized,Unclassified,none
CASTINGS 60 3210 21.51,CASTINGS 60 3210 21.51,1,690.47,Other / Uncategorized,Unclassified,none
CASTINGS 60 3506 21.51,CASTINGS 60 3506 21.51,1,754.14,Other / Uncategorized,Unclassified,none
CASTINGS 70 4450 17.00,CASTINGS 70 4450 17.00,1,756.5,Other / Uncategorized,Unclassified,none
CFS,CFS,1,34.44,Other / Uncategorized,Unclassified,none
BOOKING FEE,BOOKING FEE,1,85.0,Other / Uncategorized,Unclassified,none
CHASSIS SPLIT,CHASSIS SPLIT,1,150.0,Other / Uncategorized,Unclassified,none
CHC 7,CHC 7,1,23.01,Other / Uncategorized,Unclassified,none
CL50 50 156 MIN,CL50 50 156 MIN,1,158.29,Other / Uncategorized,Unclassified,none
CL50 50 380 MIN,CL50 50 380 MIN,1,158.29,Other / Uncategorized,Unclassified,none
CL50 50 405 MIN,CL50 50 405 MIN,1,158.29,Other / Uncategorized,Unclassified,none
CL60 60 1055 22.34,CL60 60 1055 22.34,1,235.69,Other / Uncategorized,Unclassified,none
CL60 60 1055 22;34,CL60 60 1055 22;34,1,235.69,Other / Uncategorized,Unclassified,none
CL60 60 197 22.34,CL60 60 197 22.34,1,44.01,Other / Uncategorized,Unclassified,none
CL60 60 476 26.74,CL60 60 476 26.74,1,127.28,Other / Uncategorized,Unclassified,none
"Business or Office Machines, viz.","Business or Office Machines, viz.",1,348.06,Other / Uncategorized,Unclassified,none
BELIMO US INC PRODUCT 70 70 MIN,BELIMO US INC PRODUCT 70 70 MIN,1,118.25,Other / Uncategorized,Unclassified,none
Accessorial,DEFICIT WGT ADDED TO RATE AS 5;000 949 73.03,1,693.05,Other / Uncategorized,Unclassified,none
Accessorial 2,NON-CONVEYABLE PIECE - IRREGULAR,1,30.0,Other / Uncategorized,Unclassified,none
Accessorial,DWD DEST DETENTION WITH POWER M,1,144.5,Other / Uncategorized,Unclassified,none
Accessorial,ELS Excess Ln 116.0X00.00X00.00,1,200.0,Other / Uncategorized,Unclassified,none
Accessorial,ELS Excess Ln 120.0X00.00X00.00,1,200.0,Other / Uncategorized,Unclassified,none
Accessorial,FULL VALUE INSURANCE MIN,1,53.0,Other / Uncategorized,Unclassified,none
Accessorial,LIMITED ACCESS,1,25.0,Other / Uncategorized,Unclassified,none
Accessorial,OVERLENGTH,1,100.0,Other / Uncategorized,Unclassified,none
Accessorial,Origin CFS Fee ,1,36.19,Other / Uncategorized,Unclassified,none
Accessorial,TO REMOTE ACCESS AREA - TABLE B,1,35.0,Other / Uncategorized,Unclassified,none
Accessorial 1,ELEVATED RISK,1,30.0,Other / Uncategorized,Unclassified,none
Accessorial 3,NON-CONVEYABLE PIECE - IRREGULAR,1,30.0,Other / Uncategorized,Unclassified,none
BELIMO US INC PRODUCT 70 500 MIN,BELIMO US INC PRODUCT 70 500 MIN,1,158.29,Other / Uncategorized,Unclassified,none
Accessorial 3,NON-ROUTINE ENTRY,1,35.0,Other / Uncategorized,Unclassified,none
Accessorial 4,GOGREEN PLUS - CARBON REDUCED,1,0.68,Other / Uncategorized,Unclassified,none
Accessorial 4,PREMIUM 12:00,1,6.3,Other / Uncategorized,Unclassified,none
Angles; NOI 060 675 23507,Angles; NOI 060 675 23507,1,1586.72,Other / Uncategorized,Unclassified,none
Appointment,Appointment,1,30.0,Other / Uncategorized,Unclassified,none
BELIMO US INC PRODUCT 70 180 MIN,BELIMO US INC PRODUCT 70 180 MIN,1,158.29,Other / Uncategorized,Unclassified,none
BELIMO US INC PRODUCT 70 250 MIN,BELIMO US INC PRODUCT 70 250 MIN,1,158.29,Other / Uncategorized,Unclassified,none
BELIMO US INC PRODUCT 70 380 MIN,BELIMO US INC PRODUCT 70 380 MIN,1,158.29,Other / Uncategorized,Unclassified,none
BELIMO US INC PRODUCT 70 500 24.73,BELIMO US INC PRODUCT 70 500 24.73,1,123.65,Other / Uncategorized,Unclassified,none
49.0 280 EX175 71316 (EX175),49.0 280 EX175 71316 (EX175),1,1996.85,Other / Uncategorized,Unclassified,none
48.0 X 42.0 X 61.0 608 62092,48.0 X 42.0 X 61.0 608 62092,1,3775.19,Other / Uncategorized,Unclassified,none
4570004072 SHPR# PRINTED ADHESIVE LABELS *FXF PZONE01/05/26 ILS 11115,4570004072 SHPR# PRINTED ADHESIVE LABELS *FXF PZONE01/05/26 ILS 11115,1,885.1,Other / Uncategorized,Unclassified,none
(EX175) 57 EX175 16553,(EX175) 57 EX175 16553,1,94.35,Other / Uncategorized,Unclassified,none
(EX175) 235 EX175 82620,(EX175) 235 EX175 82620,1,1941.57,Other / Uncategorized,Unclassified,none
(EX175) 239 EX175 90631,(EX175) 239 EX175 90631,1,2166.08,Other / Uncategorized,Unclassified,none
(EX175) 263 EX175 56272,(EX175) 263 EX175 56272,1,1479.95,Other / Uncategorized,Unclassified,none
(EX175) 286 EX175 32391,(EX175) 286 EX175 32391,1,926.38,Other / Uncategorized,Unclassified,none
(EX175) 342 EX175 18515,(EX175) 342 EX175 18515,1,633.21,Other / Uncategorized,Unclassified,none
(EX175) 355 EX175 90538,(EX175) 355 EX175 90538,1,3214.1,Other / Uncategorized,Unclassified,none
(EX175) 427 EX175 16553,(EX175) 427 EX175 16553,1,706.81,Other / Uncategorized,Unclassified,none
(EX175) 43 EX175 90538,(EX175) 43 EX175 90538,1,389.31,Other / Uncategorized,Unclassified,none
(EX175) 435 EX175 21592,(EX175) 435 EX175 21592,1,939.25,Other / Uncategorized,Unclassified,none
(EX175) 65 EX175 64814,(EX175) 65 EX175 64814,1,421.29,Other / Uncategorized,Unclassified,none
(EX175) 233 EX175 32391,(EX175) 233 EX175 32391,1,754.71,Other / Uncategorized,Unclassified,none
(EX175) 66 EX175 77588,(EX175) 66 EX175 77588,1,512.08,Other / Uncategorized,Unclassified,none
(EX175) 68 EX175 52780,(EX175) 68 EX175 52780,1,358.9,Other / Uncategorized,Unclassified,none
(EX175) 73 EX175 89532,(EX175) 73 EX175 89532,1,653.58,Other / Uncategorized,Unclassified,none
(EX175) 83 EX175 57301,(EX175) 83 EX175 57301,1,475.6,Other / Uncategorized,Unclassified,none
(EX175) 84 EX175 64814,(EX175) 84 EX175 64814,1,544.44,Other / Uncategorized,Unclassified,none
(EX175) 84 EX175 73008,(EX175) 84 EX175 73008,1,613.27,Other / Uncategorized,Unclassified,none
(EX175) 85 EX175 55646,(EX175) 85 EX175 55646,1,472.99,Other / Uncategorized,Unclassified,none
(EX175) 86 EX175 50855,(EX175) 86 EX175 50855,1,437.35,Other / Uncategorized,Unclassified,none
(EX175) 87 EX175 90538,(EX175) 87 EX175 90538,1,787.68,Other / Uncategorized,Unclassified,none
(EX175) 233 EX175 66057,(EX175) 233 EX175 66057,1,1539.13,Other / Uncategorized,Unclassified,none
(EX175) 231 EX175 82620,(EX175) 231 EX175 82620,1,1908.52,Other / Uncategorized,Unclassified,none
(EX175) 90 EX175 27658,(EX175) 90 EX175 27658,1,248.92,Other / Uncategorized,Unclassified,none
(EX175) 143 EX175 66263,(EX175) 143 EX175 66263,1,947.56,Other / Uncategorized,Unclassified,none
(EX175) 117 EX175 42389,(EX175) 117 EX175 42389,1,495.95,Other / Uncategorized,Unclassified,none
(EX175) 123 EX175 91831,(EX175) 123 EX175 91831,1,1129.52,Other / Uncategorized,Unclassified,none
(EX175) 129 EX175 27658,(EX175) 129 EX175 27658,1,356.79,Other / Uncategorized,Unclassified,none
(EX175) 130 EX175 93006,(EX175) 130 EX175 93006,1,1209.08,Other / Uncategorized,Unclassified,none
(EX175) 135 EX175 21592,(EX175) 135 EX175 21592,1,291.49,Other / Uncategorized,Unclassified,none
(EX175) 135 EX175 66263,(EX175) 135 EX175 66263,1,894.55,Other / Uncategorized,Unclassified,none
(EX175) 135 EX175 76639,(EX175) 135 EX175 76639,1,1034.63,Other / Uncategorized,Unclassified,none
(EX175) 139 EX175 68804,(EX175) 139 EX175 68804,1,956.38,Other / Uncategorized,Unclassified,none
(EX175) 142 EX175 111431,(EX175) 142 EX175 111431,1,1582.32,Other / Uncategorized,Unclassified,none
(EX175) 145 EX175 77588,(EX175) 145 EX175 77588,1,1125.03,Other / Uncategorized,Unclassified,none
(EX175) 230 EX175 62232,(EX175) 230 EX175 62232,1,1431.34,Other / Uncategorized,Unclassified,none
(EX175) 147 EX175 53975,(EX175) 147 EX175 53975,1,793.43,Other / Uncategorized,Unclassified,none
(EX175) 159 EX175 51808,(EX175) 159 EX175 51808,1,823.75,Other / Uncategorized,Unclassified,none
(EX175) 168 EX175 90538,(EX175) 168 EX175 90538,1,1521.04,Other / Uncategorized,Unclassified,none
(EX175) 174 EX175 24152,(EX175) 174 EX175 24152,1,420.24,Other / Uncategorized,Unclassified,none
(EX175) 205 EX175 105109,(EX175) 205 EX175 105109,1,2154.73,Other / Uncategorized,Unclassified,none
(EX175) 219 EX175 81785,(EX175) 219 EX175 81785,1,1791.09,Other / Uncategorized,Unclassified,none
(EX175) 220 EX175 56272,(EX175) 220 EX175 56272,1,1237.98,Other / Uncategorized,Unclassified,none
(EX175) 221 EX175 71316,(EX175) 221 EX175 71316,1,1576.08,Other / Uncategorized,Unclassified,none
(EX175) 227 EX175 71316,(EX175) 227 EX175 71316,1,1618.87,Other / Uncategorized,Unclassified,none
(EX175) 88 EX175 76639,(EX175) 88 EX175 76639,1,674.42,Other / Uncategorized,Unclassified,none
(EX175) 93 EX175 34306,(EX175) 93 EX175 34306,1,319.05,Other / Uncategorized,Unclassified,none
40X24X28IN 70 554 35.93,40X24X28IN 70 554 35.93,1,199.05,Other / Uncategorized,Unclassified,none
2 DIVISION 1.4; LIMITED QUANTITY L: 48 W: 40 H: 48 IN 64300-2 5;690 12.66,2 DIVISION 1.4; LIMITED QUANTITY L: 48 W: 40 H: 48 IN 64300-2 5;690 12.66,1,720.35,Other / Uncategorized,Unclassified,none
"* NMFC UNKNOWN, TARIFF ITEM 170 SUB 13 50 561 37.20","* NMFC UNKNOWN, TARIFF ITEM 170 SUB 13 50 561 37.20",1,208.69,Other / Uncategorized,Unclassified,none
002650 CALIFORNIA COMPLIANCE,002650 CALIFORNIA COMPLIANCE,1,26.5,Other / Uncategorized,Unclassified,none
008422,008422,1,84.22,Other / Uncategorized,Unclassified,none
056590-04 (CL175) CLASS 175.0 (EX175) 144 EX175 77040,056590-04 (CL175) CLASS 175.0 (EX175) 144 EX175 77040,1,1109.38,Other / Uncategorized,Unclassified,none
056590-04 (CL175) CLASS 175.0 (EX175) 392 EX175 84337,056590-04 (CL175) CLASS 175.0 (EX175) 392 EX175 84337,1,3306.01,Other / Uncategorized,Unclassified,none
1 DIVISION 1.4; LIMITED QUANTITY L: 48 W: 40 H: 48 IN 64300-2 322 64.83,1 DIVISION 1.4; LIMITED QUANTITY L: 48 W: 40 H: 48 IN 64300-2 322 64.83,1,208.75,Other / Uncategorized,Unclassified,none
1 Each Extreme Length $175.00,1 Each Extreme Length $175.00,1,175.0,Other / Uncategorized,Unclassified,none
1 SKD CONTROL VALVE CLASS 70 156 M,1 SKD CONTROL VALVE CLASS 70 156 M,1,1190.52,Other / Uncategorized,Unclassified,none
175.0 48.0 X 1.0 X 1.0 (EX175) 135 EX175 66803,175.0 48.0 X 1.0 X 1.0 (EX175) 135 EX175 66803,1,901.84,Other / Uncategorized,Unclassified,none
2 DIVISION 1.4; LIMITED QUANTITY L: 48 W: 40 H: 48 IN 64300-2 6;760 9.84,2 DIVISION 1.4; LIMITED QUANTITY L: 48 W: 40 H: 48 IN 64300-2 6;760 9.84,1,665.18,Other / Uncategorized,Unclassified,none
* NMFC 133300-03 MACHINERY; NOI; OR 125 281 MIN,* NMFC 133300-03 MACHINERY; NOI; OR 125 281 MIN,1,173.02,Other / Uncategorized,Unclassified,none
20   x 20   x 12   box,20   x 20   x 12   box,1,9.5,Other / Uncategorized,Unclassified,none
26 26 SKIDS 999,26 26 SKIDS 999,1,515.0,Other / Uncategorized,Unclassified,none
27.0 235 87215,27.0 235 87215,1,2049.55,Other / Uncategorized,Unclassified,none
3 SKD DIGITAL CABLE MODEMS (640 SAX; 384 100 CLASS 100 FAK 1;758 22.51,3 SKD DIGITAL CABLE MODEMS (640 SAX; 384 100 CLASS 100 FAK 1;758 22.51,1,395.73,Other / Uncategorized,Unclassified,none
32X24X16 IT-62070-1 CL70 70 601 37.20,32X24X16 IT-62070-1 CL70 70 601 37.20,1,223.57,Other / Uncategorized,Unclassified,none
38 38 SHUTTLE TO BELIMO 2600,38 38 SHUTTLE TO BELIMO 2600,1,515.0,Other / Uncategorized,Unclassified,none
40.0 X 20.0 (EX175) 88 EX175 77588,40.0 X 20.0 (EX175) 88 EX175 77588,1,682.77,Other / Uncategorized,Unclassified,none
40.0 X 36.0 (EX175) 136 EX175 77588,40.0 X 36.0 (EX175) 136 EX175 77588,1,1055.2,Other / Uncategorized,Unclassified,none
40X24X28IN 70 276 MIN,40X24X28IN 70 276 MIN,1,173.02,Other / Uncategorized,Unclassified,none
* NMFC 133300-03 MACHINERY; NOI; OR 125 330 MIN,* NMFC 133300-03 MACHINERY; NOI; OR 125 330 MIN,1,173.02,Other / Uncategorized,Unclassified,none
* NMFC 133300-03 MACHINERY; NOI; OR 125 252 MIN,* NMFC 133300-03 MACHINERY; NOI; OR 125 252 MIN,1,173.02,Other / Uncategorized,Unclassified,none
(EX175) 96 EX175 90538,(EX175) 96 EX175 90538,1,869.16,Other / Uncategorized,Unclassified,none
* NMFC 133300-02 MACHINERY; NOI; OR 250 292 MIN,* NMFC 133300-02 MACHINERY; NOI; OR 250 292 MIN,1,158.29,Other / Uncategorized,Unclassified,none
(EX175) 97 EX175 84977,(EX175) 97 EX175 84977,1,824.28,Other / Uncategorized,Unclassified,none
(EX175) 99 EX175 76639,(EX175) 99 EX175 76639,1,758.73,Other / Uncategorized,Unclassified,none
* NMFC 061700-03 ELECTRICAL APPLIANCE 250 169 MIN,* NMFC 061700-03 ELECTRICAL APPLIANCE 250 169 MIN,1,173.02,Other / Uncategorized,Unclassified,none
"* NMFC 133300-02 MACHINERY, NOI, OR 250 375 71.02","* NMFC 133300-02 MACHINERY, NOI, OR 250 375 71.02",1,266.33,Other / Uncategorized,Unclassified,none
* NMFC 133300-02 MACHINERY; NOI; OR 250 141 MIN,* NMFC 133300-02 MACHINERY; NOI; OR 250 141 MIN,1,173.02,Other / Uncategorized,Unclassified,none
* NMFC 133300-02 MACHINERY; NOI; OR 250 150 MIN,* NMFC 133300-02 MACHINERY; NOI; OR 250 150 MIN,1,173.02,Other / Uncategorized,Unclassified,none
* NMFC 133300-02 MACHINERY; NOI; OR 250 207 MIN,* NMFC 133300-02 MACHINERY; NOI; OR 250 207 MIN,1,173.02,Other / Uncategorized,Unclassified,none
* NMFC 133300-02 MACHINERY; NOI; OR 250 210 MIN,* NMFC 133300-02 MACHINERY; NOI; OR 250 210 MIN,1,173.02,Other / Uncategorized,Unclassified,none
* NMFC 133300-02 MACHINERY; NOI; OR 250 220 MIN,* NMFC 133300-02 MACHINERY; NOI; OR 250 220 MIN,1,173.02,Other / Uncategorized,Unclassified,none
* NMFC 133300-02 MACHINERY; NOI; OR 250 3334 30.63,* NMFC 133300-02 MACHINERY; NOI; OR 250 3334 30.63,1,1021.2,Other / Uncategorized,Unclassified,none
* NMFC 133300-03 MACHINERY; NOI; OR 125 214 MIN,* NMFC 133300-03 MACHINERY; NOI; OR 125 214 MIN,1,158.29,Other / Uncategorized,Unclassified,none
* NMFC 133300-02 MACHINERY; NOI; OR 250 380 48.16,* NMFC 133300-02 MACHINERY; NOI; OR 250 380 48.16,1,183.01,Other / Uncategorized,Unclassified,none
* NMFC 133300-02 MACHINERY; NOI; OR 250 460 46.46,* NMFC 133300-02 MACHINERY; NOI; OR 250 460 46.46,1,213.72,Other / Uncategorized,Unclassified,none
"* NMFC 133300-03 MACHINERY, NOI, OR 125 294 MIN","* NMFC 133300-03 MACHINERY, NOI, OR 125 294 MIN",1,254.09,Other / Uncategorized,Unclassified,none
* NMFC 133300-03 MACHINERY; NOI; OR 125 100 MIN,* NMFC 133300-03 MACHINERY; NOI; OR 125 100 MIN,1,158.29,Other / Uncategorized,Unclassified,none
* NMFC 133300-03 MACHINERY; NOI; OR 125 105 MIN,* NMFC 133300-03 MACHINERY; NOI; OR 125 105 MIN,1,158.29,Other / Uncategorized,Unclassified,none
* NMFC 133300-03 MACHINERY; NOI; OR 125 120 MIN,* NMFC 133300-03 MACHINERY; NOI; OR 125 120 MIN,1,173.02,Other / Uncategorized,Unclassified,none
* NMFC 133300-03 MACHINERY; NOI; OR 125 163 MIN,* NMFC 133300-03 MACHINERY; NOI; OR 125 163 MIN,1,173.02,Other / Uncategorized,Unclassified,none
* NMFC 133300-03 MACHINERY; NOI; OR 125 1655 34.77,* NMFC 133300-03 MACHINERY; NOI; OR 125 1655 34.77,1,575.44,Other / Uncategorized,Unclassified,none
* NMFC 133300-03 MACHINERY; NOI; OR 125 212 MIN,* NMFC 133300-03 MACHINERY; NOI; OR 125 212 MIN,1,173.02,Other / Uncategorized,Unclassified,none
CL60 60 685 26.74,CL60 60 685 26.74,1,183.17,Other / Uncategorized,Unclassified,none
CL60 60 693 33.56,CL60 60 693 33.56,1,232.57,Other / Uncategorized,Unclassified,none
CL60 60 695 33.56,CL60 60 695 33.56,1,233.24,Other / Uncategorized,Unclassified,none
MEDICAL DEVICES CLASS 175.0 (EX175) 326 EX175 25535,MEDICAL DEVICES CLASS 175.0 (EX175) 326 EX175 25535,1,832.44,Other / Uncategorized,Unclassified,none
Late Fee,Late Fee,1,400.68,Other / Uncategorized,Unclassified,none
Lifeguard Service,Lifeguard Service,1,105.0,Other / Uncategorized,Unclassified,none
Liftgate DL,Liftgate DL,1,50.0,Other / Uncategorized,Unclassified,none
Liftgate PU,Liftgate PU,1,50.0,Other / Uncategorized,Unclassified,none
MACHINES; NMFC# 116030-4,MACHINES; NMFC# 116030-4,1,219.69,Other / Uncategorized,Unclassified,none
MCADJ ADJ CONTRACT MINIMUM REACHED,MCADJ ADJ CONTRACT MINIMUM REACHED,1,2.88,Other / Uncategorized,Unclassified,none
MCADJ CONTRACT MINIMUM REACHED ADJ,MCADJ CONTRACT MINIMUM REACHED ADJ,1,5.66,Other / Uncategorized,Unclassified,none
MEDICAL DEVICES CLASS 125.0 48.0 X 40.0 X 42.0 (EX175) 181 EX175 32607,MEDICAL DEVICES CLASS 125.0 48.0 X 40.0 X 42.0 (EX175) 181 EX175 32607,1,590.19,Other / Uncategorized,Unclassified,none
MEDICAL DEVICES CLASS 175.0 (EX175) 184 EX175 21592,MEDICAL DEVICES CLASS 175.0 (EX175) 184 EX175 21592,1,397.29,Other / Uncategorized,Unclassified,none
MEDICAL DEVICES CLASS 175.0 48.0 X 1.0 X 1.0 (EX175) 488 EX175 21592,MEDICAL DEVICES CLASS 175.0 48.0 X 1.0 X 1.0 (EX175) 488 EX175 21592,1,1053.69,Other / Uncategorized,Unclassified,none
LOADING,LOADING,1,95.0,Other / Uncategorized,Unclassified,none
MEDICAL DEVICES CLASS 175.0 48.0 X 42.0 X 50.0 (EX175) 296 EX175 51808,MEDICAL DEVICES CLASS 175.0 48.0 X 42.0 X 50.0 (EX175) 296 EX175 51808,1,1533.52,Other / Uncategorized,Unclassified,none
MEDICAL DEVICES CLASS 175.0 48.0 X 42.0 X 61.0 658 14745,MEDICAL DEVICES CLASS 175.0 48.0 X 42.0 X 61.0 658 14745,1,970.22,Other / Uncategorized,Unclassified,none
MEDICAL DEVICES CLASS 175.0 48.0 X 42.0 X 62.0 (EX175) 408 EX175 77040,MEDICAL DEVICES CLASS 175.0 48.0 X 42.0 X 62.0 (EX175) 408 EX175 77040,1,3143.23,Other / Uncategorized,Unclassified,none
MEDICAL DEVICES CLASS 92;5 51.0 X 1.0 X 1.0 545 13695,MEDICAL DEVICES CLASS 92;5 51.0 X 1.0 X 1.0 545 13695,1,746.38,Other / Uncategorized,Unclassified,none
MEDICAL DEVICES NMFC 056590 CLASS 100.0 48.0 X 40.0 X 27.0 122 32391,MEDICAL DEVICES NMFC 056590 CLASS 100.0 48.0 X 40.0 X 27.0 122 32391,1,395.17,Other / Uncategorized,Unclassified,none
MEDICAL DEVICES NMFC 056590 CLASS 200.0 48.0 X 42.0 X 50.0 281 76639,MEDICAL DEVICES NMFC 056590 CLASS 200.0 48.0 X 42.0 X 50.0 281 76639,1,2153.56,Other / Uncategorized,Unclassified,none
MEDICAL SUPPLIES 9880 Flat rate 1 1435.00,MEDICAL SUPPLIES 9880 Flat rate 1 1435.00,1,1435.0,Other / Uncategorized,Unclassified,none
METAL PRODUCTS 50 1182 20.54,METAL PRODUCTS 50 1182 20.54,1,242.78,Other / Uncategorized,Unclassified,none
METAL PRODUCTS 50 2902 17.31,METAL PRODUCTS 50 2902 17.31,1,502.34,Other / Uncategorized,Unclassified,none
Laadklep,Laadklep,1,75.0,Other / Uncategorized,Unclassified,none
LIFTGATE FEE ,LIFTGATE FEE ,1,25.0,Other / Uncategorized,Unclassified,none
METAL STAMPING 50 1000 MIN,METAL STAMPING 50 1000 MIN,1,118.25,Other / Uncategorized,Unclassified,none
ITEM 161870 PRINTED,ITEM 161870 PRINTED,1,237.65,Other / Uncategorized,Unclassified,none
ITEM 056590-04 (CL175) CLASS 175.0 48.0 X 40.0 X 64.0 (EX175) 356 EX175 90631,ITEM 056590-04 (CL175) CLASS 175.0 48.0 X 40.0 X 64.0 (EX175) 356 EX175 90631,1,3226.46,Other / Uncategorized,Unclassified,none
ITEM 056590-04 (CL175) CLASS 175.0 48.0 X 42.0 X 50.0 (EX175) 271 EX175 90631,ITEM 056590-04 (CL175) CLASS 175.0 48.0 X 42.0 X 50.0 (EX175) 271 EX175 90631,1,2456.1,Other / Uncategorized,Unclassified,none
ITEM 056590-04 (CL175) CLASS 175.0 48.0 X 42.0 X 51.0 (EX175) 252 EX175 78587,ITEM 056590-04 (CL175) CLASS 175.0 48.0 X 42.0 X 51.0 (EX175) 252 EX175 78587,1,1980.39,Other / Uncategorized,Unclassified,none
ITEM 056590-04 (CL175) CLASS 175.0 48.0 X 42.0 X 52.0 (EX175) 293 EX175 57337,ITEM 056590-04 (CL175) CLASS 175.0 48.0 X 42.0 X 52.0 (EX175) 293 EX175 57337,1,1679.97,Other / Uncategorized,Unclassified,none
ITEM 056590-04 (CL175) CLASS 175.0 48.0 X 42.0 X 66.0 (EX175) 371 EX175 56272,ITEM 056590-04 (CL175) CLASS 175.0 48.0 X 42.0 X 66.0 (EX175) 371 EX175 56272,1,2087.69,Other / Uncategorized,Unclassified,none
ITEM 056590-05 (CL125) CLASS 125.0 (EX175) 226 EX175 62092,ITEM 056590-05 (CL125) CLASS 125.0 (EX175) 226 EX175 62092,1,1403.28,Other / Uncategorized,Unclassified,none
ITEM 116030 SUB : 4 MACHINES SYSTEMS ORC100 ;,ITEM 116030 SUB : 4 MACHINES SYSTEMS ORC100 ;,1,391.47,Other / Uncategorized,Unclassified,none
ITEM 116030 SUB : 7 TELEPHONE,ITEM 116030 SUB : 7 TELEPHONE,1,234.69,Other / Uncategorized,Unclassified,none
"ITEM 116030 SUB:4 SYSTEMS,MACHINES","ITEM 116030 SUB:4 SYSTEMS,MACHINES",1,350.79,Other / Uncategorized,Unclassified,none
ITM 290;101 APPLIES PER PYLE RULES TARF 85 4682 45.57,ITM 290;101 APPLIES PER PYLE RULES TARF 85 4682 45.57,1,2133.59,Other / Uncategorized,Unclassified,none
LIFT ON LIFT OFF,LIFT ON LIFT OFF,1,52.0,Other / Uncategorized,Unclassified,none
ITM 290;101 APPLIES PER PYLE RULES TARF 85 5104 45.57,ITM 290;101 APPLIES PER PYLE RULES TARF 85 5104 45.57,1,2325.89,Other / Uncategorized,Unclassified,none
IVA,IVA,1,16.98,Other / Uncategorized,Unclassified,none
Indv Pcs 1,Indv Pcs 1,1,417.58,Other / Uncategorized,Unclassified,none
Inside DL,Inside DL,1,30.0,Other / Uncategorized,Unclassified,none
Inside PU,Inside PU,1,58.6,Other / Uncategorized,Unclassified,none
LABEL SPOOL CONES 70 90 MIN,LABEL SPOOL CONES 70 90 MIN,1,118.25,Other / Uncategorized,Unclassified,none
LABELS,LABELS,1,139.91,Other / Uncategorized,Unclassified,none
LAYOVER FEE,LAYOVER FEE,1,4950.0,Other / Uncategorized,Unclassified,none
LEGES KVK bh3j2648m7,LEGES KVK bh3j2648m7,1,17.7,Other / Uncategorized,Unclassified,none
METAL PRODUCTS 50 430 26.77,METAL PRODUCTS 50 430 26.77,1,115.11,Other / Uncategorized,Unclassified,none
METAL STAMPING 50 650 MIN,METAL STAMPING 50 650 MIN,1,118.25,Other / Uncategorized,Unclassified,none
ITEM 030310 SUB : 2 CABLE OR WIRE,ITEM 030310 SUB : 2 CABLE OR WIRE,1,275.42,Other / Uncategorized,Unclassified,none
NMFC 051080-05 70 1416 24.79 Faucets; Bibcocks; ...,NMFC 051080-05 70 1416 24.79 Faucets; Bibcocks; ...,1,351.03,Other / Uncategorized,Unclassified,none
NMFC 051080-03 Faucets; Bibcocks; 70 445 MIN,NMFC 051080-03 Faucets; Bibcocks; 70 445 MIN,1,158.29,Other / Uncategorized,Unclassified,none
NMFC 051080-05 70 100 MIN Faucets; Bibcocks;,NMFC 051080-05 70 100 MIN Faucets; Bibcocks;,1,173.02,Other / Uncategorized,Unclassified,none
NMFC 051080-05 70 100 MIN Faucets; Bibcocks; ...,NMFC 051080-05 70 100 MIN Faucets; Bibcocks; ...,1,173.02,Other / Uncategorized,Unclassified,none
NMFC 051080-05 70 115 MIN Faucets; Bibcocks;,NMFC 051080-05 70 115 MIN Faucets; Bibcocks;,1,158.29,Other / Uncategorized,Unclassified,none
NMFC 051080-05 70 119 MIN Faucets; Bibcocks;,NMFC 051080-05 70 119 MIN Faucets; Bibcocks;,1,173.02,Other / Uncategorized,Unclassified,none
NMFC 051080-05 70 124 MIN Faucets; Bibcocks; ...,NMFC 051080-05 70 124 MIN Faucets; Bibcocks; ...,1,118.25,Other / Uncategorized,Unclassified,none
NMFC 051080-05 70 132 MIN Faucets; Bibcocks;,NMFC 051080-05 70 132 MIN Faucets; Bibcocks;,1,158.29,Other / Uncategorized,Unclassified,none
NMFC 051080-05 70 132 MIN Faucets; Bibcocks; ...,NMFC 051080-05 70 132 MIN Faucets; Bibcocks; ...,1,173.02,Other / Uncategorized,Unclassified,none
NMFC 051080-05 70 140 MIN Faucets; Bibcocks;,NMFC 051080-05 70 140 MIN Faucets; Bibcocks;,1,118.25,Other / Uncategorized,Unclassified,none
NMFC 051080-05 70 1455 27.83 Faucets; Bibcocks;,NMFC 051080-05 70 1455 27.83 Faucets; Bibcocks;,1,404.93,Other / Uncategorized,Unclassified,none
NMFC 051080- 60 60 MIN Faucets; Bibcocks;,NMFC 051080- 60 60 MIN Faucets; Bibcocks;,1,118.25,Other / Uncategorized,Unclassified,none
NMFC 051080-05 70 150 MIN Faucets; Bibcocks;,NMFC 051080-05 70 150 MIN Faucets; Bibcocks;,1,173.02,Other / Uncategorized,Unclassified,none
NMFC 051080-05 70 155 MIN Faucets; Bibcocks; ...,NMFC 051080-05 70 155 MIN Faucets; Bibcocks; ...,1,158.29,Other / Uncategorized,Unclassified,none
NMFC 051080-05 70 160 MIN,NMFC 051080-05 70 160 MIN,1,158.29,Other / Uncategorized,Unclassified,none
"NMFC 051080-05 70 165 MIN Faucets, Bibcocks, ...","NMFC 051080-05 70 165 MIN Faucets, Bibcocks, ...",1,118.25,Other / Uncategorized,Unclassified,none
NMFC 051080-05 70 167 MIN Faucets; Bibcocks;,NMFC 051080-05 70 167 MIN Faucets; Bibcocks;,1,173.02,Other / Uncategorized,Unclassified,none
"NMFC 051080-05 70 170 MIN Faucets, Bibcocks, ...","NMFC 051080-05 70 170 MIN Faucets, Bibcocks, ...",1,118.25,Other / Uncategorized,Unclassified,none
NMFC 051080-05 70 170 MIN Faucets; Bibcocks;,NMFC 051080-05 70 170 MIN Faucets; Bibcocks;,1,173.02,Other / Uncategorized,Unclassified,none
"NMFC 051080-05 70 175 MIN Faucets, Bibcocks,","NMFC 051080-05 70 175 MIN Faucets, Bibcocks,",1,173.02,Other / Uncategorized,Unclassified,none
NMFC 051080-05 70 1803 30.85 Faucets; Bibcocks; ...,NMFC 051080-05 70 1803 30.85 Faucets; Bibcocks; ...,1,556.23,Other / Uncategorized,Unclassified,none
NMFC 051080- 70 282 MIN Faucets; Bibcocks;,NMFC 051080- 70 282 MIN Faucets; Bibcocks;,1,158.29,Other / Uncategorized,Unclassified,none
NMFC 029785-05 O * 125 250 MIN BOXES; FIBREBOARD;,NMFC 029785-05 O * 125 250 MIN BOXES; FIBREBOARD;,1,118.25,Other / Uncategorized,Unclassified,none
METAL STAMPINGS 50 300 MIN,METAL STAMPINGS 50 300 MIN,1,118.25,Other / Uncategorized,Unclassified,none
Malr Smrt 14.25 X 19.25,Malr Smrt 14.25 X 19.25,1,6.98,Other / Uncategorized,Unclassified,none
METAL STAMPINGS 50 350 MIN,METAL STAMPINGS 50 350 MIN,1,118.25,Other / Uncategorized,Unclassified,none
(EX175) 103 EX175 84977,(EX175) 103 EX175 84977,1,875.26,Other / Uncategorized,Unclassified,none
METAL STAMPINGS 50 600 MIN,METAL STAMPINGS 50 600 MIN,1,118.25,Other / Uncategorized,Unclassified,none
METAL STAMPINGS 50 650 11.07,METAL STAMPINGS 50 650 11.07,1,71.96,Other / Uncategorized,Unclassified,none
METAL STAMPINGS 50 815 MIN,METAL STAMPINGS 50 815 MIN,1,118.25,Other / Uncategorized,Unclassified,none
METAL STAMPINGS 50 820 11.07,METAL STAMPINGS 50 820 11.07,1,90.77,Other / Uncategorized,Unclassified,none
MINIMUM REACHED CONTRACT MCADJ ADJ,MINIMUM REACHED CONTRACT MCADJ ADJ,1,124.19,Other / Uncategorized,Unclassified,none
Mailr Smart 12.5x18,Mailr Smart 12.5x18,1,17.94,Other / Uncategorized,Unclassified,none
MailrRyc 8.25x11 1Ct,MailrRyc 8.25x11 1Ct,1,2.29,Other / Uncategorized,Unclassified,none
Metro 1 Each $23.95,Metro 1 Each $23.95,1,23.95,Other / Uncategorized,Unclassified,none
NMFC 029785-04 O * 175 450 36.04 BOXES; FIBREBOARD;,NMFC 029785-04 O * 175 450 36.04 BOXES; FIBREBOARD;,1,162.18,Other / Uncategorized,Unclassified,none
Monitor 24x18x18,Monitor 24x18x18,1,24.21,Other / Uncategorized,Unclassified,none
NL-Buit,NL-Buit,1,1.05,Other / Uncategorized,Unclassified,none
NMFC 013120-06 100 535 29.04,NMFC 013120-06 100 535 29.04,1,155.36,Other / Uncategorized,Unclassified,none
NMFC 013120-07 Aluminum 92.5 466 MIN Articles;,NMFC 013120-07 Aluminum 92.5 466 MIN Articles;,1,118.25,Other / Uncategorized,Unclassified,none
NMFC 013120-07 Aluminum 92.5 480 MIN Articles;,NMFC 013120-07 Aluminum 92.5 480 MIN Articles;,1,118.25,Other / Uncategorized,Unclassified,none
NMFC 013120-08 Aluminum Articles; 85 233 MIN,NMFC 013120-08 Aluminum Articles; 85 233 MIN,1,118.25,Other / Uncategorized,Unclassified,none
NMFC 029785-03 250 175 MIN,NMFC 029785-03 250 175 MIN,1,158.29,Other / Uncategorized,Unclassified,none
NMFC 029785-03 250 285 42.13,NMFC 029785-03 250 285 42.13,1,120.07,Other / Uncategorized,Unclassified,none
NMFC 029785-03 BOXES; FIBREBOARD; o * 250 112 MIN,NMFC 029785-03 BOXES; FIBREBOARD; o * 250 112 MIN,1,118.25,Other / Uncategorized,Unclassified,none
ITEM 056590-03 (CL250) CLASS 250.0 48.0 X 40.0 X 24.0 (EX175) 79 EX175 54826,ITEM 056590-03 (CL250) CLASS 250.0 48.0 X 40.0 X 24.0 (EX175) 79 EX175 54826,1,433.13,Other / Uncategorized,Unclassified,none
IT30310 CABLE OR WIRE,IT30310 CABLE OR WIRE,1,251.99,Other / Uncategorized,Unclassified,none
CL60 60 735 26.74,CL60 60 735 26.74,1,196.54,Other / Uncategorized,Unclassified,none
DN 611,DN 611,1,9169.84,Other / Uncategorized,Unclassified,none
DETENTION 307PM-330PM,DETENTION 307PM-330PM,1,46.0,Other / Uncategorized,Unclassified,none
DETENTION BELIMO 1043AM-1156AM,DETENTION BELIMO 1043AM-1156AM,1,120.0,Other / Uncategorized,Unclassified,none
DETENTION BELIMO 844AM-1101AM,DETENTION BELIMO 844AM-1101AM,1,274.0,Other / Uncategorized,Unclassified,none
DETENTION SHEPARDS 127PM-339PM,DETENTION SHEPARDS 127PM-339PM,1,240.0,Other / Uncategorized,Unclassified,none
DETENTION WITH POWER,DETENTION WITH POWER,1,97.0,Other / Uncategorized,Unclassified,none
DIGITAL CABLE COMPONENTS NMFC# 061130,DIGITAL CABLE COMPONENTS NMFC# 061130,1,191.57,Other / Uncategorized,Unclassified,none
DIGITAL CABLE MODEMS,DIGITAL CABLE MODEMS,1,4742.75,Other / Uncategorized,Unclassified,none
DIGITAL CABLE NMFC# 061130 S3,DIGITAL CABLE NMFC# 061130 S3,1,263.95,Other / Uncategorized,Unclassified,none
DISPUTE WON- PER KRISTEN,DISPUTE WON- PER KRISTEN,1,196.11,Other / Uncategorized,Unclassified,none
DRAYAGE (LOADED),DRAYAGE (LOADED),1,575.0,Other / Uncategorized,Unclassified,none
DEFICIT WGHT 50 320 FLAT,DEFICIT WGHT 50 320 FLAT,1,575.65,Other / Uncategorized,Unclassified,none
DRIVER DETENTION AT ORIGIN DETNO,DRIVER DETENTION AT ORIGIN DETNO,1,95.0,Other / Uncategorized,Unclassified,none
DWD DEST DETENTION WITH POWER,DWD DEST DETENTION WITH POWER,1,72.25,Other / Uncategorized,Unclassified,none
ECT EMPTY RETUN SLOT,ECT EMPTY RETUN SLOT,1,38.0,Other / Uncategorized,Unclassified,none
EDI Fee,EDI Fee,1,5.25,Other / Uncategorized,Unclassified,none
EIR & SEAL FEE,EIR & SEAL FEE,1,15.0,Other / Uncategorized,Unclassified,none
ETS Toeslag,ETS Toeslag,1,1.27,Other / Uncategorized,Unclassified,none
EX175 MEDICAL DEVICES CLASS 175.0 (EX175) 133 25535,EX175 MEDICAL DEVICES CLASS 175.0 (EX175) 133 25535,1,339.62,Other / Uncategorized,Unclassified,none
EXTRASTOP,EXTRASTOP,1,75.0,Other / Uncategorized,Unclassified,none
FSC - ADDER,FSC - ADDER,1,95.36,Other / Uncategorized,Unclassified,none
DENSITY 1 Each $1;906.07,DENSITY 1 Each $1;906.07,1,1906.07,Other / Uncategorized,Unclassified,none
DEFICIT DEF93 62092,DEFICIT DEF93 62092,1,577.46,Other / Uncategorized,Unclassified,none
Faucets; Bibcocks; Gate Valves or 070 540 70103,Faucets; Bibcocks; Gate Valves or 070 540 70103,1,3785.56,Other / Uncategorized,Unclassified,none
CRT VALVES I&S OR NP IT-51080-7 60 5275 18.37,CRT VALVES I&S OR NP IT-51080-7 60 5275 18.37,1,969.02,Other / Uncategorized,Unclassified,none
CL60 60 995 26.74,CL60 60 995 26.74,1,266.06,Other / Uncategorized,Unclassified,none
CL70 32X24X15 70 190 37.20,CL70 32X24X15 70 190 37.20,1,70.68,Other / Uncategorized,Unclassified,none
CLASS 85.0 48.0 X 42.0 X 53.0 (EX85) 815 EX85 30216,CLASS 85.0 48.0 X 42.0 X 53.0 (EX85) 815 EX85 30216,1,2462.6,Other / Uncategorized,Unclassified,none
CONTRACT REACHED MCADJ MINIMUM ADJ,CONTRACT REACHED MCADJ MINIMUM ADJ,1,34.22,Other / Uncategorized,Unclassified,none
CONTRAPRESTACIONCNT,CONTRAPRESTACIONCNT,1,1.14,Other / Uncategorized,Unclassified,none
CONTROL VALVE 70 210 MIN,CONTROL VALVE 70 210 MIN,1,173.02,Other / Uncategorized,Unclassified,none
CONTROL VALVES *FXF 100001/05/26 ILC 04245,CONTROL VALVES *FXF 100001/05/26 ILC 04245,1,1036.04,Other / Uncategorized,Unclassified,none
CRATES 70 250 MIN (WOODEN),CRATES 70 250 MIN (WOODEN),1,158.29,Other / Uncategorized,Unclassified,none
CRT VALVES I&S OR NP IT-51080-7 60 1911 23.51,CRT VALVES I&S OR NP IT-51080-7 60 1911 23.51,1,449.28,Other / Uncategorized,Unclassified,none
CRTS VALVES I/S IT-51080-7 CL 85 & 85 9809 15.43,CRTS VALVES I/S IT-51080-7 CL 85 & 85 9809 15.43,1,1513.53,Other / Uncategorized,Unclassified,none
DEFICIT DEF78 84337,DEFICIT DEF78 84337,1,657.83,Other / Uncategorized,Unclassified,none
CVO bh3j2648m7,CVO bh3j2648m7,1,52.2,Other / Uncategorized,Unclassified,none
Courier/Messenger/(In case is needed),Courier/Messenger/(In case is needed),1,85.0,Other / Uncategorized,Unclassified,none
D/O FEE E,D/O FEE E,1,79.31,Other / Uncategorized,Unclassified,none
DAD,DAD,1,45.0,Other / Uncategorized,Unclassified,none
DEFICIT DEF114 11505,DEFICIT DEF114 11505,1,131.16,Other / Uncategorized,Unclassified,none
DEFICIT DEF130 110322,DEFICIT DEF130 110322,1,1434.19,Other / Uncategorized,Unclassified,none
DEFICIT DEF185 30216,DEFICIT DEF185 30216,1,559.0,Other / Uncategorized,Unclassified,none
DEFICIT DEF32 32607,DEFICIT DEF32 32607,1,104.34,Other / Uncategorized,Unclassified,none
DEFICIT DEF50 66803,DEFICIT DEF50 66803,1,334.02,Other / Uncategorized,Unclassified,none
FSC-ADDER,FSC-ADDER,1,98.1,Other / Uncategorized,Unclassified,none
Faucets; Bibcocks; Gate Valves or 175 254 201717,Faucets; Bibcocks; Gate Valves or 175 254 201717,1,5123.61,Other / Uncategorized,Unclassified,none
IT116030 MACHINES,IT116030 MACHINES,1,384.0,Other / Uncategorized,Unclassified,none
Hold & Notify,Hold & Notify,1,3.49,Other / Uncategorized,Unclassified,none
HDWR 65 430 22.31,HDWR 65 430 22.31,1,95.93,Other / Uncategorized,Unclassified,none
HDWR 65 695 30.08,HDWR 65 695 30.08,1,209.06,Other / Uncategorized,Unclassified,none
HDWR 85 240 22.31,HDWR 85 240 22.31,1,53.54,Other / Uncategorized,Unclassified,none
HDWR 92.5 190 22;31,HDWR 92.5 190 22;31,1,42.39,Other / Uncategorized,Unclassified,none
HDWR 92.5 296 MIN,HDWR 92.5 296 MIN,1,158.29,Other / Uncategorized,Unclassified,none
HM3209223,HM3209223,1,890.91,Other / Uncategorized,Unclassified,none
HSC reporting,HSC reporting,1,5.93,Other / Uncategorized,Unclassified,none
HVAC ASSEMBLY 70 480 MIN COMPONENTS/VALVE,HVAC ASSEMBLY 70 480 MIN COMPONENTS/VALVE,1,118.25,Other / Uncategorized,Unclassified,none
HVAC COMPONENTS/VALVE ASSEMBLY 70 585 21.71,HVAC COMPONENTS/VALVE ASSEMBLY 70 585 21.71,1,127.0,Other / Uncategorized,Unclassified,none
Hospital DL,Hospital DL,1,30.0,Other / Uncategorized,Unclassified,none
HDWE 50 3975 17.70,HDWE 50 3975 17.70,1,703.58,Other / Uncategorized,Unclassified,none
IMP/A TERMINAL CHGS,IMP/A TERMINAL CHGS,1,225.0,Other / Uncategorized,Unclassified,none
INSTAPAK 60 5196 6.85,INSTAPAK 60 5196 6.85,1,355.93,Other / Uncategorized,Unclassified,none
ISPS + EQUIP. INSP.,ISPS + EQUIP. INSP.,1,60.0,Other / Uncategorized,Unclassified,none
ISS E,ISS E,1,47.1,Other / Uncategorized,Unclassified,none
IT 29275.4 KDF KNOCKED DOWN FOLDED,IT 29275.4 KDF KNOCKED DOWN FOLDED,1,264.24,Other / Uncategorized,Unclassified,none
IT#061130 S3 DIGITAL CABLE MODEMS,IT#061130 S3 DIGITAL CABLE MODEMS,1,162.03,Other / Uncategorized,Unclassified,none
IT-62070-1 CL70 1@32X24X191@32X24X13 70 746 29.65,IT-62070-1 CL70 1@32X24X191@32X24X13 70 746 29.65,1,221.19,Other / Uncategorized,Unclassified,none
IT-62070-1 CL70 32X24X13 70 351 37.20,IT-62070-1 CL70 32X24X13 70 351 37.20,1,130.57,Other / Uncategorized,Unclassified,none
IT-62070-1 CL70 32X24X16 70 368 MIN,IT-62070-1 CL70 32X24X16 70 368 MIN,1,173.02,Other / Uncategorized,Unclassified,none
HDWR 60 2580 22.31,HDWR 60 2580 22.31,1,575.6,Other / Uncategorized,Unclassified,none
HDWE 50 3969 17.70,HDWE 50 3969 17.70,1,702.51,Other / Uncategorized,Unclassified,none
Fgl- Lg 18x18x18,Fgl- Lg 18x18x18,1,23.99,Other / Uncategorized,Unclassified,none
GUARANTEED BY 5PM FLAT 000000|005000,GUARANTEED BY 5PM FLAT 000000|005000,1,48.0,Other / Uncategorized,Unclassified,none
Filler - Fragile Small,Filler - Fragile Small,1,8.99,Other / Uncategorized,Unclassified,none
Filler Only Pkg LG,Filler Only Pkg LG,1,5.99,Other / Uncategorized,Unclassified,none
Filler Only Pkg MD,Filler Only Pkg MD,1,4.99,Other / Uncategorized,Unclassified,none
Filler Only Pkg SM,Filler Only Pkg SM,1,3.99,Other / Uncategorized,Unclassified,none
Fix Levering ,Fix Levering ,1,80.0,Other / Uncategorized,Unclassified,none
"Fragile- Large, 20x20x20","Fragile- Large, 20x20x20",1,26.99,Other / Uncategorized,Unclassified,none
"Fragile- Large, 24x24x24","Fragile- Large, 24x24x24",1,30.99,Other / Uncategorized,Unclassified,none
"Fragile- Small, 8x8x8","Fragile- Small, 8x8x8",1,13.49,Other / Uncategorized,Unclassified,none
Frg 22x22x22 Multi-depth Boxes,Frg 22x22x22 Multi-depth Boxes,1,27.99,Other / Uncategorized,Unclassified,none
GUARANTEED BY NOON 000000|005000 FLAT,GUARANTEED BY NOON 000000|005000 FLAT,1,96.0,Other / Uncategorized,Unclassified,none
HARDWARE 85 220 MIN,HARDWARE 85 220 MIN,1,158.29,Other / Uncategorized,Unclassified,none
Government Agency Fee,Government Agency Fee,1,17.9,Other / Uncategorized,Unclassified,none
H: 30 IN 156600-3 CLASS 250 FAK 150 128 71.37,H: 30 IN 156600-3 CLASS 250 FAK 150 128 71.37,1,91.35,Other / Uncategorized,Unclassified,none
HALF SIZED PLASTIC SKIDS 100 355 MIN,HALF SIZED PLASTIC SKIDS 100 355 MIN,1,158.29,Other / Uncategorized,Unclassified,none
HARDWARE 100 350 30.08,HARDWARE 100 350 30.08,1,105.28,Other / Uncategorized,Unclassified,none
HARDWARE 100 525 17.70,HARDWARE 100 525 17.70,1,92.93,Other / Uncategorized,Unclassified,none
HARDWARE 50 3965 17.70,HARDWARE 50 3965 17.70,1,701.81,Other / Uncategorized,Unclassified,none
HARDWARE 50 775 17.70,HARDWARE 50 775 17.70,1,137.18,Other / Uncategorized,Unclassified,none
HARDWARE 55 561 17.70,HARDWARE 55 561 17.70,1,99.3,Other / Uncategorized,Unclassified,none
HARDWARE 55 600 17.70,HARDWARE 55 600 17.70,1,106.2,Other / Uncategorized,Unclassified,none
METAL STAMPINGS 50 485 MIN,METAL STAMPINGS 50 485 MIN,1,118.25,Other / Uncategorized,Unclassified,none
