Charge Type,count
Fuel Surcharge,61157
Transportation Charge,38322
Discount,36211
Freight,26648
Earned Discount,22904
Grace Discount,11814
Shipping Charge Correction Fuel Surcharge,4929
VAT,4193
Residential Delivery,3528
DAS Commercial,3087
Brandstof toeslag,2979
FUEL SURCHARGE,2425
GOGREEN PLUS - CARBON REDUCED,2262
Base,1830
Delivery Area Surcharge,1637
Accessorial,1586
TB Express Saver,1556
Driving Additional Miles,1227
UPS WorldEase Fuel Surcharge,1117
UPS WorldEase Standard to Canada Shipment,1116
Residential Surcharge,1006
Line Haul,767
WW Express Saver,747
Toll,610
DAS Extended Commercial,608
WW Express,606
Disbursement Fee,551
Demand Surcharge,474
DAS Residential,468
Add'l Handling-Dimension,462
Third Party Billing,450
Wait Time (P),439
Third Party Billing Service,419
After Hours,351
Delivery Area Surcharge - Extended,341
Chargeback Fuel Surcharge,340
Pps Critical (American Airlines),308
Saturday Delivery,307
Shipping Charge Correction Next Day Air,291
Direct Signature Req.,288
EXPORT DECLARATION,278
FRT FREIGHT CHARGE 225.0000,251
Brokerage GST,250
Adult Signature Req.,245
Canada HST,236
PREMIUM 12:00,235
Worldwide Express,233
Verzendcorrectiekosten,213
Security Surcharge,211
Customs Services,203
Accessorial 1,193
Accessorial 2,190
PGA Processing Fee,185
Linehaul,181
Address Correction,176
Duty and Tax Forwarding Surcharge,175
Returns Fuel Surcharge,165
Add'l Handling-Weight,163
Returns Print Label,159
US Inbound Processing Fee,159
Freight Charge,151
Declared Value,142
13.000 %  HST,134
Canada GST,128
PICKUP,125
AIR FREIGHT,123
Add'l Handling-Packaging,122
CONTRACT MINIMUM REACHED MCADJ ADJ,122
Entry Prep Fee,122
Performance Pricing,118
PGA Disclaim Fee,118
Order Lane Charge,116
Accessorial 3,114
DAS Extended Residential,111
DELIVERY,103
Chargeback Delivery Area Surcharge,100
BASE BASE RATE,95
Next Day Air Residential,95
DOCUMENT MANAGEMENT,95
Regularly Scheduled Pickup Mon-Fri,94
Express,93
WAIT WAIT TIME @ TENDER,91
Sales Tax,91
AIR IMPORT ENTRY,90
Shipping Charge Correction 2nd Day Air,90
Shipping Charge Correction Additional Handling,90
Service Charge,90
Customs Duty,86
PGA FILING,85
Weekend Charge,85
FRT FREIGHT CHARGE 300.0000,82
SHIPPING CHARGE CORRECTION AUDIT FEE,82
TB Express,79
Retourzendingen Brandstof toeslag,78
Addl. Handling weight,77
Shipping Charge Correction Third Party Billing Service,75
TOLL TOLL CHARGES,74
Next Day Air Hundredweight,73
Duties,73
Worldwide Saver,73
Taxes,73
Print Return Label,69
Additional Handling,69
Retourzendingen 3 UPS Ophaalpogingen,67
Adrescorrectie TB Express Saver,66
Standard to Canada,63
Wait Time (D),60
QST,60
5.000 %  GST,59
Entry Line Charge,58
International Processing Fee,58
Duty Amount,57
Residentieel,53
Rebill Fee,47
Pre-Release Notification Surcharge,47
DAS Remote Comm,47
Declared Value Charge,46
DOC,46
Customs Gst,46
T/C,45
Worldwide Expedited,45
W/C,45
AWB,45
,44
Administration fee duties/VAT,44
Additional Handling - Length+Girth,43
AIRPORT TRANSFER,42
Delivery Cartage,42
Dash Critical (Delta Airlines),42
Surge Emergency Fee - Com,42
FRT FREIGHT CHARGE 375.0000,41
Toeslag afh. afgel. gebied-bestem.,40
Customs Clearance (AH/WK/H),40
Customs clearance,39
Retourzendingen Pre-vrijgave bericht toeslag,38
SECURITY FEE,38
PPS Critical (American Airlines),38
Early Surcharge,37
TERMINAL HDLG DEST,36
Document Processing Fee,35
DGAC,35
HANDLING OUT,35
TERMINAL CHARGES,35
Fuel Surcharge Adjustment,34
Lifeguard Service (United Airlines),34
Residential Surcharge Adjustment,34
WAIT WAIT TIME,34
Freight Charges,34
Minimum Charge,33
Customs Clearance (USA/CA),33
ISS,33
FREIGHT CHARGE,32
Holiday,32
FreightCharge,32
Chargeback Chargeback Surcharge,32
Attempt Car,31
Export Customs Clearance,31
Pick & Hold Car,31
Shipping Charge Correction Demand Surcharge-Addl Handling,30
HANDLING IN,30
International Freight,30
SCREENING,28
CFS CHARGES,28
AIR AMS FEE,28
Standard,28
SMC MINIMUM ADJUSTMENT MCADJ ADJ,28
2nd Day Air Hundredweight,28
Residential On-Call Pickup Surcharge,28
Retourzendingen WW Express Saver,27
Org. Administrative Handling,27
DESTINATION TERMINAL,27
DESTINATION THC,27
Surge Fee - Addl Handling,27
3 Day Select Undeliverable Return,27
2nd Day Air Residential,27
PGA LINES,27
WAIT WAIT TIME @ RECOVERY,26
FSC ADDER,26
Additional Piece Fee,26
AHPD AFTER HOURS RECOVERY,26
EXPORT CLEARANCE,26
NON-CONVEYABLE PIECE - WEIGHT,26
Residential Adjustment,26
BYPU PICKUP MILES ADDITIONAL 20.000 2.5000,26
Internationale verwerkingskosten,26
CALIFORNIA COMPLIANCE SURCHARGE CCS,26
Import duties,25
Returns WW Express,25
DEST DELIVERY,25
Not Previously Billed Missing PLD Fee,25
Pick Up Cartage,24
Shipping Charge Correction Additional Handling - Length+Girth,24
APPOINTMENT DELIVERY REQUESTED APPDR,24
Org. Cargo Screening,24
Returns International Processing Fee,24
Returns PGA Disclaim Fee,23
FUEL-INDEX,23
Call Tag,23
Additional Handling Charge - Packaging,23
Original VAT,23
AFS AIR FREIGHT SURCHARGE,23
Other Government Agency Fee,23
Shipping Charge Correction Additional Handling - Cubic Volume,23
ADDITIONAL HTS,22
UPS WorldEase Duty and Tax Forwarding Surcharge,22
Quebec PST,22
Worldwide Express Shipment,22
Accessorial 4,22
Retourzendingen Inklaringstoeslag,22
Retourzendingen Uitbetalingskosten,22
BYPU PICKUP MILES ADDITIONAL 13.000 2.5000,22
Toeslag groot pakket,22
BYPU PICKUP MILES ADDITIONAL 8.000 2.5000,22
Handling Fee,21
WW Expedited,21
Retourzendingen TB Standard,21
Print Label,21
All in rate,21
Additionele afhandelingskosten,21
Remote Area Surcharge,21
WAIT WAIT TIME @ PU,21
R&L'S DISCOUNT SAVES YOU,21
AFS AIR FREIGHT SURCHARGE DELTA,21
Vervoer,21
Large Package Surcharge Comm - Length,20
Retourzendingen Invoerrecht,20
ProvincialTax,20
Merchandise Processing Fee,19
Laptop 21x16x5,19
Not Previously Billed Fuel Surcharge,19
Print Documents,19
IMPORT SERVICE FEE,19
Origin Charges Per Shipment,19
UPS WorldEase Residential Surcharge,19
CALIFORNIA COMPLIANCE SURCHARGE,19
Shipping Charge Correction Express,19
PICK UP,18
WEEKLY PRINTER SERVICE FEE,18
Destination Charges Per Shipment,18
IMP/A TERMINAL HNDLG,18
WeightCharge,18
BYPU PICKUP MILES ADDITIONAL 12.000 2.5000,17
CFS HANDLING,17
Retourzendingen WW Standard,17
AIR AMS FEES,17
CALIFORNIA COMPLIANCE CHARGE,17
ACMS FEE,16
Large Package Surcharge - Length + Girth,16
AIRWAY BILL PREPARATION FEE,16
DAS HI Residential,16
BYPU PICKUP MILES ADDITIONAL 42.000 2.5000,16
Retourzendingen Label Print,16
Oversize Charge,16
Shipping Charge Correction Next Day Air Early,15
CUSTOMS BROKERAGE CHARGE - DEST,15
Next Day Air Hundredweight Collect,15
PARK PARKING FEES,15
WW Saver,15
FDA PROCESSING,15
Electronic Export Information Fee,15
HST,15
FSC,15
British Columbia PST,15
Canada HST (ON),15
EEI - Internet Request,15
AIR FREIGHT USD,14
Airline Airfreight Surcharge,14
BYPU PICKUP MILES ADDITIONAL 14.000 2.5000,14
Not Previously Billed Shipping Correction Fee,14
Origin Handling,14
FederalTax,14
ADMIN DOCS,14
Returns 2nd Day Air,14
STORAGE,14
TERMINAL HANDLING CHARGE-ORIG,13
ADDITIONAL CLASSIFICATIONS,13
AIRPORT FEE,13
Retourzendingen TB Express Saver,13
Clearance End-use Fee,13
Retourzendingen Uitzonderlijke toeslag  Zakelijk,13
Origin Handling Fee,13
DAS Remote Residential,13
Surge Fee - Large Package,13
International Processing,13
15.000 %  HST,13
FDA Clearance,13
ELEVATED RISK,12
Shipping Charge Correction 3 Day Select,12
CUSTOMS BROKERAGE CHARGE - ORIG,12
HANDLING,12
REMOTE AREA DELIVERY,12
Value Added Tax,12
SECURITY FEE E,12
International Air Freight,12
DEFICIT WEIGHT CHARGE *,12
EXTENDED LIABILITY,12
AHS - Dimensions,12
DOCUMENT INTEGRITY,12
Origin Transfer Fee,12
BYPU PICKUP MILES ADDITIONAL 2.000 2.5000,11
Late Payment Fee,11
Shipping Charge Correction Standard,11
Destination Charges Per Kilo,11
FRT FREIGHT CHARGE 525.0000,11
Seasonal Surcharge,11
Toeslag voor papier handelsfacturen,11
Shipping Charge Correction Next Day Air Saver,11
AXP DECLARATION,10
CUSTOMS FEE,10
FRT FREIGHT CHARGES,10
Duty,10
UNAUTHORIZED CBS PACKAGE CHRG,10
Returns Next Day Air,10
PI CKUP E,10
Peak Season Surcharge,10
Destination Handling,10
FRT FREIGHT CHARGE 450.0000,10
STRAIGHT TRUCK,10
Reroute - Web Request,9
WW Express Saver Aanpassing,9
Deficit Weight,9
PARKING,9
BYPU PICKUP MILES ADDITIONAL 1.000 2.5000,9
Al RPORT TRANSFER E,9
CSA FEE 1.37,9
Residential,9
FSC E,9
International Documents Preparation,9
Transport to port,8
Worldwide Expedited Shipment,8
Expedited,8
BYPU PICKUP MILES ADDITIONAL 23.000 2.5000,8
ADDL LINE FEE,8
Uitzonderlijke toeslag  Zakelijk,8
AIR FREIGHT E,8
AIRLINE PHARMA FEE,8
Cancellation Fee,8
Regularly Scheduled Pickup Sat,8
Dest. Administrative Handling,8
ENTRY FEE,8
Cell Phone 10x5x3,8
Worldwide Saver Shipment,8
FLAT,8
PACSU PACKING SUPPLIES,8
PROCOMER FEE,8
RECH PU AND HOLD,8
Missing/Invalid Acct No.,8
Wait Time,7
CHASSIS,7
ADVANCE AT DESTINATION,7
Surge Emergency Fee - Residential,7
DAS AK Commercial,7
Express Saver,7
ITEM 116030 SUB : 4 MACHINES,7
"Standard- Small, 13x9x11",7
LIMITED ACCESS DELIVERY LAD,7
Vrachtkosten,7
HIGH COST DELIVERY SURCHARGE HCDS,7
Toeslag afgelegen gebied,7
Delivery Area Surcharge Adjustment,7
ADMI N DOCS E,7
3 Day Select Residential,7
Dom. Express Saver,7
BYPU PICKUP MILES ADDITIONAL 35.000 2.5000,7
Destination Terminal Handling Charges,7
Delivery,7
WKND WEEKEND,7
BYPU PICKUP MILES ADDITIONAL 3.000 2.5000,7
Same Day OC Pickup Mon-Fri (Online),7
Add Stop Car,7
Out of Delivery Area Tier B,7
NEW YORK CITY METRO DELIVERY NYCMD,6
Road international (Export) -,6
Dest. Airport Fees,6
ADDL INVOICE,6
Shipping Charge Correction Large Package Surcharge - Length + Girth,6
Billing Adjustment for  W/E 07/11/2026,6
Pickup Area Surcharge,6
Metro,6
NMFC 051080-05 Faucets; Bibcocks; 70 105 MIN,6
WAITING TIME,6
ADVANCE MANIFEST,6
TERMINAL CHARGE,6
Transport to Port,6
Chargeback Delivery Area Surcharge - Extended,6
CARGO SCREENING,6
"Standard- Large, 20x20x12",6
Delivery Confirmation Signature,6
TERMINAL SERVICE CHARGE,6
HMS US-CANADA BORDER CROSSING,6
Canada QST,6
BRANDSTOFTOESLAG,6
MILIEU BIJDRAGE,6
Warehouse Fees,6
Clearance Entry Fee,6
AlRPORT TRANSFER,6
Hazardous Material,6
AIRLINE PHARMA FEE E,6
Accessorial 5,6
MANIFEST FEE,6
DOCU LESS THAN 1 HOURS NOTICE,5
Returns Electronic Label,5
FREIGHT,5
Pick Up via Truck,5
Priority Alert,5
NMFC 051080-05 Faucets; Bibcocks; 70 170 MIN,5
Addl. Handling longest side,5
I SS E,5
Additional Handling Charge-Non-stackable,5
CFS HANDLING DEST,5
CUSTOMS CLEARANCE,5
TB Standard Undeliverable Return,5
ISF FEE,5
OCEAN IMPORT ENTRY,5
EEI - Manual Request,5
BYPU PICKUP MILES ADDITIONAL 21.000 2.5000,5
NMFC 051080-05 Faucets; Bibcocks; 70 175 MIN,5
BYPU PICKUP MILES ADDITIONAL 10.000 2.5000,5
Handling charges,5
Laptop 16x16x4,5
PT OTHERS,5
Inklaringstoeslag,5
Origin Terminal Handling,5
DELIVERY CHARGE,5
BYPU PICKUP MILES ADDITIONAL 5.000 2.5000,5
Road transport 0,5
Export Customs clearance,5
PI CKUP,5
Discount Allowed 90.50%,5
Origin Charges Per Kilo,5
Security surcharge 0,5
HANDLING UNITS,5
Airfreight charges 0,5
PACSU PACKING SUPPLIES DTW STORAGE,5
SUBTOTAL *** WEIGHT & CHARGE,5
Org. Terminal Handling,5
Dieseltoeslag ,5
Origin Container Demurrage,5
NMFC 051080-05 70 160 MIN Faucets; Bibcocks;,5
Custom Clearance Road International,5
ATPU ATTEMPTED PICKUP,5
Shipping Charge Correction Large Package Surcharge Comm - Cubic Volume,4
Setup Clearance,4
DEFICIT WEIGHT CHARGE,4
Delivery via Truck,4
Beyond Area PU,4
Seafreight 40' high,4
ADMIN DOCS E,4
FRT FREIGHT CHARGE 600.0000,4
Next Day Air Saver Residential,4
INSIDE DELIVERY IDEL,4
Alternate Broker,4
Not Provided,4
Special Assessment Charge,4
SYMPHONY - VISIBILITY,4
Shipping Charge Correction Addl. Handling weight,4
SECURITY SURCHARGE,4
Future Day Pickup - Web Request,4
Dieseltoeslag,4
REMOTE LOCATIONS SURCHARGE DESTN RMLOCD,4
Lift Gate Delivery,4
AFS AIR FREIGHT SURCHARGE AA,4
TIME CRITICAL GTD - NOON,4
ELECTRONIC EXPORT INFORMATION,4
Shipping Charge Correction Express Saver,4
IMPFEE IMPORT FEES,4
ADMI N DOCS,4
SS,4
Not Previously Billed Saturday Delivery,4
Handling,4
Duty Tax Importer,4
Org. Terminal Handling-Forwarder,4
RECONSIGNMENT CHARGES AT DESTN RECD,4
Road transport charges,4
Export Acceptance,4
UPS WorldEase Remote Area Surcharge,4
Rated As; Deficit Weight,4
DEMAND SURCHARGE TIER 2,4
RESTRICTED DESTINATION,4
OVERWEIGHT PIECE,4
BYPU PICKUP MILES ADDITIONAL 24.000 2.5000,4
Freight Insurance,4
"Standard- Medium, 16x16x16",4
Airline Transfer Fee 0,4
TC PICKUP,4
HOUSE BILL FREIGHT,4
Airline Transfer Fee ,4
PLASTIC PARTS,4
DELIVERY FSC,4
Import Customs Clearance,4
Security Fees,4
Export Acceptance 0,4
Pickup,3
US EXPORT COMPLIANCE FEE,3
Export Customs Clearance Fee,3
TERMINAL TRANSFER ON AIRPORT,3
Domestic Air Freight,3
UPS WorldEase Large Package Surcharge - Length + Girth,3
Origin Documentation Fee,3
NMFC 051080-05 Faucets; Bibcocks; 70 190 MIN,3
Shipping Charge Correction 2nd Day Air A.M.,3
TERMINAL HANDLING CHARGE - DEST,3
Pre-vrijgave bericht toeslag,3
EPA Processing Fee,3
CHICAGO METRO CHARGE FLAT,3
Voor U doen laten vervoeren ,3
AIR FREI IGHT E,3
NMFC 051080-05 Faucets; Bibcocks; 70 155 MIN,3
Import Customs Clearance Base Rate EUR,3
Returns Addl. Handling weight,3
NMFC 051080-05 70 110 MIN Faucets; Bibcocks;,3
MOBILITY PACKAGE,3
MISCELLANEOUS BILLING,3
NMFC 051080-05 Faucets; Bibcocks; 70 100 MIN,3
Handling charges 0,3
Pharma check 0,3
Dest. Airport Fees - Base Rate EUR 15;00,3
ACTUATORS,3
Truck,3
Cargo Screening Fee,3
VPQ VPQ DEST P.R. DOCUMENT CHARGE,3
Handling Fee (Air Export),3
VPM DEST P.R. DELIVERY CHARGE,3
DRIVER DETENTION AT DEST DETND,3
Pickup Charge,3
STAMPED PARTS 70 1000 19.27,3
Extended Area Surcharge,3
UPS WorldEase Surge Fee - Large Package,3
Btw,3
Road transport,3
33.1% FUEL SURCHARGE,3
Delivery Charge,3
Airfreight charges,3
NMFC 051080-05 70 105 MIN Faucets; Bibcocks;,3
VPK DEST OCEAN CHARGE-NVOCC,3
DISCOUNT,3
Dest. Terminal Handling-Forwarder - Greater of (Min,3
Adrescorrectie TB Express,3
ATPU ATTEMPTED RECOVERY,3
VPG VPG OCEAN BUNKR & PORT SECURTY CHRG,3
800 LESS DISCOUNT,3
Pharma check,3
Detention,3
Return To Sender - Web Request,3
NMFC 051080-05 70 175 MIN Faucets; Bibcocks;,3
REUSABLE WOODEN CRATES 70 250 MIN,3
CONSUMPTI ON TAX,3
AES / ACE Fee (Air),3
Standard Shipment,3
GROUND DELIVERY SERVICE GRD,3
REGULATORY FEE,3
NMFC 051080-05 Faucets; Bibcocks; 70 95 MIN,3
Vrachtkosten ,3
Handling charges ,3
Homeland Security Fee,3
"Standard- Large, 23x17x12",3
THC (Terminal Handling Charge) - Export,3
Pick Up/Collection,3
Airline Handling,3
Environmental Fee,3
CONSUMPTION TAX,3
"Standard- Small, 11x11x11",3
"Standard- Small, 12x9x6",3
Storage,3
ADDRESS CORRECTION,3
WAIT WAITING TIME @ PU,3
WAIT WAITING TIME @ RECOVERY,3
REDELIVERY CHARGES RDEL,3
Minumum Charge,3
"NMFC 051080-05 Faucets, Bibcocks, 70 170 MIN",3
Worldwide Expedited Third Party,3
NMFC 051080-05 70 90 MIN Faucets; Bibcocks;,3
Dest. Terminal Handling,3
DRAYAGE/CARTAGE,3
"Standard- Medium, 17x17x7",3
DOCU LESS THAN 2 HOUR NOTICE,3
Corrected BOL Charge,3
UPS Carbon Offsets,3
EXPORT CUSTOMS CLEARANCE FEE,3
HANDLING UNITS 1,3
Standard- Ground Brown Box,3
Brokerage,3
SPSH HOLIDAY,3
WKND WEEKEND PU,3
Pharma check ,3
HAZARDOUS CARGO CHARGE HAZ,3
MARKING OR TAGGING CHRG AT DESTN TAGD,3
Road transport ,3
ADMIN.KOSTEN,3
Advance Fee,3
Large Package Surcharge Comm - Cubic Volume,3
Seafreight 40' High,3
Diesal Surcharge,3
Airfreight charges ,3
HANDLING UNITS 2 OF TYPE SKID,3
Discount Allowed 85.00%,3
Overlength Article,3
DAS Resi,3
TERMINAL/HANDLING,3
HST on Disb/Ancillary Service Fees,3
BYPU PICKUP MILES ADDITIONAL 30.000 2.5000,3
DEFICIT WT=LOWER CHARGES,3
Std 28x28x28 275 lb Double Wall Boxes,3
"Standard- Small, 12x12x18",3
AI RPORT TRANSFER E,3
9.975 %  QST,3
ITEM 116030 SUB : 4 MACHINES SYSTEMS,3
Mailr Smart 10.5x15,3
Al RPORT TRANSFER,3
Dom. Express Saver Aanpassing,2
DOCU LESS THAN 2 HOURS NOTICE,2
YARD STORAGE,2
ADDITIONAL INVOICES,2
D/O FEE,2
VGM/SOLAS Fee,2
"Fragile- Large, 23x17x12",2
OLA ORIG LIMITED ACCESS PICKUP M,2
Import Electronic Seal FCL,2
Manitoba PST,2
Accessorials,2
VGM FEE,2
War Surcharge 0,2
CALIFORNIA COMPLIANCE CHARGE ,2
Returns / Undeliverables,2
OCEAN FREIGHT,2
Revalidation - Service Fee,2
CROSS-BORDER ADMINISTRATIVE FEE CUAF,2
NWCARB FLAT,2
GST on Disb/Ancillary Service Fees,2
FORWARDING FEES/DOCUMENTATION,2
Returns Additional Handling Charge,2
Destination Terminal Handling,2
Express Early,2
HANDLING CHARGE- TAX -,2
Not Previously Billed Delivery Area Surcharge - Extended,2
Origin Container Drayage,2
PACSU PACKING SUPPLIES UN LABELS,2
NO SHIPMENT TENDERED,2
W&I FEE 1 Each $13.50,2
Broker Document Transfer Fee,2
NMFC 051080-05 Faucets; Bibcocks; 70 270 MIN,2
VRACHTKOSTEN,2
Dom. Rep. Customs User Fee,2
Storage Fee,2
BYPU PICKUP MILES ADDITIONAL 11.000 2.5000,2
AFS AIR FREIGHT SURCHARGE 2.000 27.0100,2
Toll charge,2
Cargo Screening/X-Ray,2
NMFC 051080-05 Faucets; Bibcocks; 70 355 MIN,2
WOODEN CRATES 70 250 MIN,2
Additional handling DIM,2
Export Acceptance ,2
CORRUGATED BOXES,2
MEDICAL SUPPLIES,2
MACHINES; SYSTEMS OR DEVICES; DATA PROCESSING; OR COMPONENTS; PARTS OR PERIPHERALS THEREOF NMFC# 116030,2
LIFTGATE DELIVERY CHARGE,2
*** SUM *** WEIGHT,2
Export Clearance,2
Returns Surge Emergency Fee - Com,2
Air Freight,2
SPECIAL SERVICES (NO ADVANCES) AES,2
WAIT WAIT TIME @ DELIVERY,2
Org. Cargo Screening 0;10/KG,2
Out of Pickup Area Tier B,2
AIRPORT TAX & HANDL. USD,2
Transportation Charges,2
CUSTOMS BROKERAGE CHARGE,2
LEGES,2
CVO ,2
Individual Formal Entry,2
California Compliance Surcharge,2
HST (ON) @ 13%,2
10.40% DISC,2
Security Surcharge Greater of (Min Rate EUR 0;10;,2
DC DELIVERY SURCHARGE DCDEL,2
Additional Handling Charge - Weight,2
Road international (Export),2
Long Distance Surcharge,2
Pick Up via Truck 1 Shipment,2
CASTERS 1 SKID *FXF EZONE01/05/26 ILC 13108 BILLING REVISION,2
Handling charges cold chain 2-8 0,2
NMFC 051080-05 Faucets; Bibcocks; 70 335 MIN,2
"NMFC 051080-05 Faucets, Bibcocks, 70 160 MIN",2
International Air,2
013400 CLOSE OF BUSINESS DELV,2
Returns Declared Value,2
BORDER BROKERAGE,2
Border Security Charge,2
Destination Other Charges,2
SWISS CUSTOMS FORM,2
AHS - Weight,2
FREE DOMICILE CHARGE,2
Shipping Charge Correction Express Early,2
METAL STAMPINGS 50 1000 MIN,2
PRINTED MATERIAL,2
FRT FREIGHT CHARGE 24.000,2
Same Day Pickup - Web Request,2
Frg 28x28x28 275 lb Double Wall Boxes,2
SS E,2
NMFC 133300-05 MACHINERY; NOI; OR * 65 420 MIN,2
Cayman Islands Stamp Duty,2
NMFC 051080-05 Faucets; Bibcocks; 70 185 MIN,2
NMFC 051080-05 70 95 MIN Faucets; Bibcocks; ...,2
NMFC 133300-03 OR * 125 244 MIN MACHINERY; NOI;,2
Food and Drug Administration Clearance,2
NMFC 051080-05 70 120 MIN Faucets; Bibcocks;,2
TRUCKING FEE,2
VGM PROCESSING FEE,2
INSPECTION FEE INSP,2
BYPU PICKUP MILES ADDITIONAL 22.000 2.5000,2
Waiting time-Delivery,2
STORAGE PAID ON BEHALF,2
DDP/DDU SERVICE FEE,2
DESTINATION,2
NMFC 051080-05 Faucets; Bibcocks; 70 165 MIN,2
Shipping Charge Correction Expedited,2
Returns FDA Clearance,2
REUSABLE WOODEN CRATES 70 500 MIN,2
Origin Terminal Handling Charge (THC),2
Appointment Delivery,2
Insured Value/Bond Amount,2
Manifest AMS (Automated System),2
Third Party Billing Service Adjustment,2
GST Singapore,2
Chargeback Additional Handling - Length+Girth,2
WEIGHT VALIDATION FEE,2
FRT FREIGHT CHARGE 1.000 110.0000,2
Shipping Charge Correction Worldwide Saver,2
NMFC 051080-05 Faucets; Bibcocks; 70 85 MIN,2
TERMINAL HANDLING SECURITY FEE,2
NMFC 051080-05 Faucets; Bibcocks; 70 160 MIN,2
Customs Clearance,2
Customs,2
Security surcharge,2
OVER DIM - 264 IN,2
GASTOS SUPLIDOS ADUANA,2
05.30% DISC,2
ZONE ADJUSTMENT Fuel Surcharge,2
BILL OF LADING,2
CORRECTED BILL OF LADING CHARGE,2
Wait Time DL,2
AI RPORT TRANSFER,2
EUR,2
NMFC 051080-05 70 205 MIN Faucets; Bibcocks;,2
STAMPED PARTS 70 2000 16.18,2
Billing Adjustment for  W/E 07/18/2026,2
Export Customs Clearance Charges - Export clearance EUR 35 for one HS code;,2
AWB (Air waybill),2
METAL STAMPINGS 50 700 MIN,2
Same Day OC Pickup Mon-Fri (CS),2
INSTAPAK 156240 60 5196 6.85,2
NMFC 051080-05 70 155 MIN Faucets; Bibcocks;,2
Security surcharge ,2
Airline Transfer Fee,2
NMFC 051080-05 Faucets; Bibcocks; 70 90 MIN,2
Customer Solution Service Fee,2
NMFC 051080-05 Faucets; Bibcocks; 70 180 MIN,2
VAT on Disbursement Fee,2
Kosten service klantoplossing,2
Handling Import,2
DSV Protect,2
DieseltoeslagÂ ,2
NMFC 156240-00 Liquid; NOI; other 60 5196 6.85,2
Customs Clearance Fee,2
GUARANTEED BY 5PM 005001|010000 FLAT,2
Tijdlevering,2
Airport Transfer,2
33.9% FUEL SURCHARGE,2
Retourzendingen Additionele afhandelingskosten,2
Returns 3 UPS Pickup Attempts,2
BORDER SECURITY SURCHARGE,2
CHANGE IN PAYMENT TERMS-PAYOR-SFB CHGIP,2
NMFC 051080-05 70 165 MIN Faucets; Bibcocks; ...,2
Adrescorrectie WW Express,2
NMFC 051080-05 Faucets; Bibcocks; 70 120 MIN,2
NMFC 051080-05 70 180 MIN Faucets; Bibcocks; ...,2
CL60 60 715 26.74,2
"Rated As, Deficit Weight",2
CUSTOMS OR TRANS-BORDER FEE,2
Cargo Insurance,2
HANDLI NG CHARGE-TAX -,2
"Standard- Large, 20x20x20",2
Metro 1 Each $10.00,2
NOTIFY CHARGE,2
NMFC 051080-05 70 160 MIN Faucets; Bibcocks; ...,2
NMFC 051080-05 70 MIN Faucets; Bibcocks; 90,2
Retourzendingen Brokerage Fees,2
Dry Ice,2
NMFC 051080-05 70 180 MIN Faucets; Bibcocks;,2
GUARANTEED,2
Handling - Export,2
H0 Delivery,2
Handling/Handoven Fee - Import,2
Origin Charges,2
LIFTGATE CHARGE,2
DEMAND SURCHARGE TIER,2
CL60 60 416 26.74,2
Import Duties,2
Not Previously Billed Delivery Area Surcharge,2
Dicount,2
APT APPOINTMENT,2
WKND WEEKEND DEL,2
NMFC 051080-05 Faucets; Bibcocks; 70 377 32.51,1
CUSTOMS SUFFERANCE WHSE CHARGE,1
Security Surcharge ,1
* NMFC 133300-03 MACHINERY; NOI; OR 125 281 MIN,1
PIECE STEEL EXPANSION TANK OTHER THAN BOX 150.0 1;352 147.69,1
Freight ,1
DEFICIT DEF130 110322,1
NMFC 051080-05 Faucets; Bibcocks; 70 129 MIN,1
NMFC 051080-05 Faucets; Bibcocks; 70 240 MIN,1
ASSEMBLED IT-62070-1 CL70 40X24X28 70 328 29.65,1
DRIVER TO CALL B4 DELIVERY FLAT,1
ACTUATORS 125 269 MIN,1
NMFC 051080-05 70 132 MIN Faucets; Bibcocks; ...,1
SECURED LOCATIONS FEE,1
CASCADES CONTAINERBOARD,1
STC 1 PC 65 1255 34.41,1
BORDER PROCESSING SERVICE CHARGE,1
IT-62070-1 CL70 1@32X24X191@32X24X13 70 746 29.65,1
NMFC 051080-05 Faucets; Bibcocks; 70 298 MIN,1
ACTUATORS 100 550 MIN,1
Import Customs Clearance ,1
CONSTRUCTION SITE DELIVERY FLAT,1
TRANSPORTATION COORD USD,1
CALIFORNIA COMPLIANCE CHARGEÂ ,1
PRINTED LABELS 55 549 23.23,1
NMFC 051080-05 Faucets; Bibcocks; 70 279 MIN,1
TELEX RELEASE FEE,1
TERMINAL HANDLING CH,1
NMFC 051080-05 70 185 MIN Faucets; Bibcocks; ...,1
Business or Office Machines; viz. 060 2711 7749,1
NMFC 133300-04 85 592 31.83,1
Angles; NOI 060 675 23507,1
STORAGE CHARGES STGC,1
NMFC 051080-05 70 132 MIN Faucets; Bibcocks;,1
EIR & SEAL FEE,1
NMFC 051080-05 Faucets; Bibcocks; 70 225 MIN,1
(EX175) 96 EX175 90538,1
ITEM 056590-04 (CL175) CLASS 175.0 48.0 X 42.0 X 52.0 (EX175) 293 EX175 57337,1
ACTUATORS 100 178 MIN,1
PRE-MANIFEST FEE,1
(EX175) 227 EX175 71316,1
Business or Office Machines; viz. 060 4400 9149,1
Freight Verification,1
NMFC 051080-05 Faucets; Bibcocks; 70 400 40.28,1
NMFC 133300-03 125 1940 23.20,1
DELIVERY ,1
DEFICIT WEIGHT,1
(EX175) 135 EX175 21592,1
NMFC 051080-05 70 2000 40.03 Faucets; Bibcocks;,1
(EX175) 435 EX175 21592,1
HBL + HANDLING,1
MEDICAL DEVICES NMFC 056590 CLASS 100.0 48.0 X 40.0 X 27.0 122 32391,1
ITEM 056590-03 (CL250) CLASS 250.0 48.0 X 40.0 X 24.0 (EX175) 79 EX175 54826,1
NMFC 133300-03 125 454 35.62,1
CUstoms Services,1
MEDICAL DEVICES CLASS 125.0 48.0 X 40.0 X 42.0 (EX175) 181 EX175 32607,1
HOUSE BILL FREIGHT USD,1
NMFC 133300-03 125 90 MIN,1
MACHINE EQUIPMENT,1
ACTUATORS 125 244 MIN,1
ACTUATORS 125 320 MIN,1
NMFC 051080-05 Faucets; Bibcocks; 70 369 33.43,1
NMFC 051080-05 70 427 42.10 Faucets; Bibcocks;,1
RD2 DEST REDELIVERY ATTEMPT 2 M,1
*** SUM *** WEIGHT & CHARGE,1
IT116030 MACHINES,1
ITEM 116030 SUB : 7 TELEPHONE,1
NMFC 051080-05 70 213 MIN Faucets; Bibcocks; ...,1
ACTUATORS 100 224 MIN,1
ITEM 116030 SUB : 4 MACHINES SYSTEMS ORC100 ;,1
LABELS,1
DIGITAL CABLE NMFC# 061130 S3,1
NMFC 051080-05 70 245 MIN Faucets; Bibcocks; ...,1
BOOKING FEE,1
ACTUATORS 125 242 MIN,1
ACTUATOR 70 175 MIN,1
ACTUATORS 125 140 MIN,1
NMFC 051080-05 Faucets; Bibcocks; 70 660 56.83,1
NMFC 051080-05 70 86 MIN Faucets; Bibcocks;,1
ACTUATOR 70 86 MIN,1
NMFC 051080-05 70 320 MIN Faucets; Bibcocks;,1
CL50 50 156 MIN,1
HARDWARE 55 561 17.70,1
HARDWARE 50 775 17.70,1
HARDWARE 55 600 17.70,1
HARDWARE 100 525 17.70,1
NMFC 051080-05 Faucets; Bibcocks; 70 444 MIN,1
ACTUATORS 125 122 MIN,1
32.8% FUEL SURCHARGE,1
CRT VALVES I&S OR NP IT-51080-7 60 1911 23.51,1
ECT PICK UP SLOT,1
HARDWARE 100 350 30.08,1
SKD MEDICAL DEVICES CLASS 175.0 48.0 X 40.0 X 43.0 271 81785,1
BYPU PICKUP MILES ADDITIONAL 7.000 2.5000,1
NMFC 051080-05 70 402 MIN Faucets; Bibcocks;,1
HALF SIZED PLASTIC SKIDS 100 355 MIN,1
CORRECTIONAL INSTITUTIONS FLAT,1
NMFC 051080-05 Faucets; Bibcocks; 70 229 MIN,1
ACTUATORS 92.5 390 MIN,1
Warehouse Storage,1
ACTUATOR 70 105 MIN,1
NMFC 051080-05 Faucets; Bibcocks; 70 404 25.67,1
NMFC 051080-05 70 520 MIN Faucets; Bibcocks;,1
ECT EMPTY RETUN SLOT,1
GAS MEASUREMENT,1
RAW CASTINGS 50 332 MIN,1
STC 22BX 70 428 40.81,1
STC 13 BXS 70 255 MIN,1
STC 22 BXS 70 391 MIN,1
VALVES 70 260 MIN,1
NMFC 051080-05 70 510 28.47 Faucets; Bibcocks;,1
NMFC 029785-03 250 285 42.13,1
TONU,1
NMFC 051080-05 70 269 MIN Faucets; Bibcocks;,1
NMFC 095190-03 NOI * 250 500 MIN HARDWARE;,1
Dedicated transport,1
NMFC 051080-05 Faucets; Bibcocks; 70 73 MIN,1
DUTY TAX PROCESSING,1
Gears-Motors Parts 77.5 196 MIN or therof; NOI;,1
EU ETS SURCHARGE,1
PORT CHARGE,1
PARTS 70 2000 16.18,1
NMFC 051080-05 70 95 MIN Faucets; Bibcocks;,1
CL50 50 380 MIN,1
DELI VERY,1
TRUCK CONGESTION,1
CL60 60 1055 22.34,1
CL60 60 197 22.34,1
CL60 60 1055 22;34,1
CL60 60 695 33.56,1
NMFC 051080- 70 282 MIN Faucets; Bibcocks;,1
CL60 60 995 26.74,1
NMFC 051080-05 70 5413 31.77 Faucets; Bibcocks; ...,1
CRT VALVES I&S OR NP IT-51080-7 60 4380 FLAT,1
ACTUATORS 92.5 314 MIN,1
IT-62070-1 CL70 32X24X13 70 351 37.20,1
HANDLING CHARGE-TAX -,1
ISPS + EQUIP. INSP.,1
IMPORT CLEARANCE,1
NMFC 013120-06 100 535 29.04,1
CL70 32X24X15 70 190 37.20,1
PALLET CHARGEABLE WEIGHT 100 44 29.04,1
FRT FREIGHT CHARGE 1115.0000,1
TIME CRITICAL GTD LTL STD,1
NMFC 051080-05 70 724 30.39 Faucets; Bibcocks;,1
MEDICAL DEVICES CLASS 175.0 48.0 X 42.0 X 62.0 (EX175) 408 EX175 77040,1
STC 16BX 70 324 MIN,1
Reclass,1
DEFICIT WGHT 50 320 FLAT,1
Reweigh,1
ACTUATOR 70 90 MIN,1
Pick Up via Truck ,1
NMFC 051080-05 Faucets; Bibcocks; 70 150 MIN,1
ACTUATORS 92.5 162 MIN,1
NMFC 051080-05 Faucets; Bibcocks; 70 295 MIN,1
Fuel Surcharge added at 18.50%,1
NMFC 051080-05 70 3247 40.03 Faucets; Bibcocks;,1
NMFC 051080-05 Faucets; Bibcocks; 70 3881 34.22,1
ASSEMBLED 40X24X28 IT-62070-1 CL70 70 555 35.93,1
* NMFC 133300-02 MACHINERY; NOI; OR 250 210 MIN,1
REUSABLE WOODEN CRATES 70 750 30.74,1
NMFC 051080-05 Faucets; Bibcocks; 70 256 MIN,1
GPS Navigation seal charge,1
NMFC 051080-05 Faucets; Bibcocks; 70 655 29.68,1
78.00% DISC FLAT,1
PALLET WEIGHT CL50 60 300 FLAT,1
NMFC 051080-05 70 560 34.07 Faucets; Bibcocks;,1
EXTRASTOP,1
HVAC COMPONENTS/VALVE ASSEMBLY 70 585 21.71,1
REUSABLE WOODEN CRATES 125 250 MIN,1
NMFC 133300-03 OR * 125 103 MIN MACHINERY; NOI;,1
ZONE ADJUSTMENT 2nd Day Air,1
NMFC 051080-05 70 250 MIN Faucets; Bibcocks; ...,1
NMFC 051080-05 70 1455 27.83 Faucets; Bibcocks;,1
NMFC 051080-05 Faucets; Bibcocks; 70 128 MIN,1
CHARGEABLE PALLET WEIGHT 60 110 24.26,1
NMFC 051080-05 Faucets; Bibcocks; 70 115 MIN,1
NMFC 051080-05 Faucets; Bibcocks; 70 1025 21.87,1
TERMINAL HANDLING,1
VALVES 70 285 MIN,1
ACTUATOR 70 960 23.58,1
DELIVERY ORDER FEE,1
NMFC 029785-03 250 175 MIN,1
FRT FREIGHT CHARGE 3300.0000,1
H: 30 IN 156600-3 CLASS 250 FAK 150 128 71.37,1
WAIT WAIT TIME PU/TENDER,1
70 FAK 55 1;051 26.17,1
DEFICIT DEF114 11505,1
SERVICE RETURN TO WAREHOUSE,1
13.006 %  HST,1
* NMFC 133300-02 MACHINERY; NOI; OR 250 460 46.46,1
DAS AK Residential,1
Mexico IVA Freight,1
China VAT - Duty/Tax,1
RESIDENTIAL PICKUP CHARGE,1
Next Day Air Early Residential,1
DISPUTE WON- PER KRISTEN,1
REMOTE TABLE M,1
NMFC 051080-05 70 150 MIN Faucets; Bibcocks;,1
LAYOVER FEE,1
* NMFC 133300-03 MACHINERY; NOI; OR 125 1655 34.77,1
NMFC 133300-03 125 5192 26.23,1
PARTS 70 1945 16.18,1
RAW CASTINGS 50 330 MIN,1
CASTINGS 60 3506 21.51,1
ALUMINUM CASTINGS 70 4310 17.00,1
32X24X16 IT-62070-1 CL70 70 601 37.20,1
"Standard- Large, 24x24x24",1
Filler Only Pkg SM,1
Standard-Large Slick Mailer,1
MailrRyc 8.25x11 1Ct,1
DEFICIT DEF93 62092,1
DRIVER DETENTION AT ORIGIN DETNO,1
STORAGE CHARGES DESTINATION STGD 6000,1
FRT AIR FREIGHT 1.000 117.0000,1
WAIT WAIT TIME RECOVERY,1
WTAH AFTER HOURS RECOVERY,1
FRT AIR FREIGHT 1.000 2240.0000,1
WAIT WAITING TIME @ TENDER,1
BEYD DELIVERY MILES ADDITONAL,1
BASE BASE RATE AMEXJFK,1
FRT FREIGHT CHARGES X2 pcs,1
HIGH COST SERVICE AREA - CHICAGO,1
AFS AIR FREIGHT SURCHARGE WN,1
DAS Hawaii Resi,1
COR BOL,1
40X24X28IN 70 554 35.93,1
REUSABLE BOXES 70 90 MIN,1
CRT VALVES I&S OR NP IT-51080-7 60 5275 18.37,1
NMFC 051080-05 70 470 27.63 Faucets; Bibcocks; ...,1
NMFC 133300-03 OR * 125 190 MIN MACHINERY; NOI;,1
NMFC 051080-05 Faucets; Bibcocks; 70 1000 16.79,1
* NMFC 133300-02 MACHINERY; NOI; OR 250 380 48.16,1
NMFC 133300-02 250 94 MIN,1
* NMFC 133300-02 MACHINERY; NOI; OR 250 292 MIN,1
TOL NEDERLAND,1
VrachtkostenÂ ,1
AWB Revalidation,1
CUSTOMS BROKERAGE CHARGE - DEST (NO VAT),1
CARTAGE,1
Document Turnover Fee,1
Waiting time- Pickup,1
Sunday Pickup,1
Waiting hours,1
Billing Adjustment for  W/E 07/25/2026,1
NMFC 051080-05 70 745 43.06 Faucets; Bibcocks;,1
NMFC 051080-05 Faucets; Bibcocks; 70 505 MIN,1
PRINTED LABELS 55 840 17.56,1
NMFC 051080-05 70 170 MIN Faucets; Bibcocks;,1
THOMPSON INVESTMENT CASTING PRODUCT 60 115 MIN,1
METAL STAMPINGS 50 350 MIN,1
VALVE 60 50 MIN,1
STEEL RODS 50 625 28.78,1
CL60 60 476 26.74,1
HDWR 65 430 22.31,1
HDWR 92.5 190 22;31,1
HDWR 85 240 22.31,1
HDWR 60 2580 22.31,1
HDWE 50 3969 17.70,1
NMFC 051080-05 70 345 46.82 Faucets; Bibcocks;,1
NMFC 051080-05 Faucets; Bibcocks; 70 715 28.49,1
NMFC 051080-05 70 315 MIN Faucets; Bibcocks;,1
NMFC 051080-05 Faucets; Bibcocks; 70 515 MIN,1
NMFC 051080-05 Faucets; Bibcocks; 70 250 MIN,1
MCADJ ADJ CONTRACT MINIMUM REACHED,1
056590-04 (CL175) CLASS 175.0 (EX175) 392 EX175 84337,1
ITEM 056590-05 (CL125) CLASS 125.0 (EX175) 226 EX175 62092,1
ACUATORS 70 165 MIN,1
"NMFC 133300-03 OR * 125 390 70.14 MACHINERY, NOI,",1
CASTINGS 60 2575 21.51,1
"NMFC 051080-05 70 175 MIN Faucets, Bibcocks,",1
"NMFC 051080-05 70 170 MIN Faucets, Bibcocks, ...",1
METAL PARTS 70 1041 19.27,1
"NMFC 051080-05 Faucets, Bibcocks, 70 230 MIN",1
"* NMFC UNKNOWN, TARIFF ITEM 170 SUB 13 50 561 37.20",1
"NMFC 051080-05 Faucets, Bibcocks, 70 175 MIN",1
"NMFC 051080-05 70 90 MIN Faucets, Bibcocks,",1
CHARGEABLE PALLET WEIGHT 85 800 15.43,1
CRTS VALVES I/S IT-51080-7 CL 85 & 85 9809 15.43,1
UNKNOWN PRODUCT NO DESCRIPTION GIVEN 150 190 MIN -,1
"NMFC 051080-05 Faucets, Bibcocks, 70 90 MIN",1
"NMFC 051080-05 Faucets, Bibcocks, 70 180 MIN",1
"NMFC 051080-05 70 400 52.61 Faucets, Bibcocks,",1
"NMFC 051080-05 70 165 MIN Faucets, Bibcocks, ...",1
VALVES 70 100 MIN,1
"NMFC 051080-05 Faucets, Bibcocks, 70 235 MIN",1
"NMFC 051080-05 70 205 MIN Faucets, Bibcocks, ...",1
"NMFC 051080-05 Faucets, Bibcocks, 70 255 MIN",1
VALVES 60 80 MIN,1
"NMFC 051080-05 70 217 MIN Faucets, Bibcocks,",1
34% FUEL SURCHARGE,1
METAL PRODUCTS 50 1182 20.54,1
THOMPSON INVESTMENT CASTING PRODUCT 60 127 MIN,1
"NMFC 051080-05 Faucets, Bibcocks, 70 265 MIN",1
"* NMFC 133300-02 MACHINERY, NOI, OR 250 375 71.02",1
VALVES 70 124 MIN,1
REUSABLE BOXES 70 250 MIN,1
"* NMFC 133300-03 MACHINERY, NOI, OR 125 294 MIN",1
GUARANTEED BY NOON 000000|005000 FLAT,1
"NMFC 051080-05 70 315 MIN Faucets, Bibcocks,",1
DEFICIT WGT. CHARGE 92.5 60 25.21,1
NMFC 150005-07 PAINT AND RELATED M * 92.5 440 25.21,1
"NMFC 051080-05 70 90 MIN Faucets, Bibcocks, ...",1
Per invoice pay $281.20,1
DEFICIT DEF32 32607,1
TC PI CKUP,1
Metro 1 Each $23.95,1
Lift Gate Delivery 1 Each $65.00,1
SPPU SPECIAL PICKUP,1
IMPT IMPORT FEES 252.0000,1
PAPER CORES OR TUBES 1 Each $1;143.33,1
1 Each Extreme Length $175.00,1
DENSITY 1 Each $1;906.07,1
Appointment Delivery 1 Each $39.00,1
FRT AIR FREIGHT 1.000 108.0000,1
FRT FREIGHT CHARGE 1.000 90.0000,1
FRT FREIGHT CHARGE 1.000 153.0000,1
Pallet 1/1 US/CA uses only 100 381 55025,1
DEFICIT DEF50 66803,1
MINIMUM REACHED CONTRACT MCADJ ADJ,1
056590-04 (CL175) CLASS 175.0 (EX175) 144 EX175 77040,1
DESTINATION CHARGES,1
Storage cool/freeze ,1
2 DIVISION 1.4; LIMITED QUANTITY L: 48 W: 40 H: 48 IN 64300-2 6;760 9.84,1
Toll charge ,1
FSC-ADDER,1
Monitor 24x18x18,1
INBOUND COLLECT SURCHARGE,1
Returns Pre-Release Notification Surcharge,1
International Documents  Preparation,1
Parking,1
BTW,1
DOCUMENT FEE,1
DRAYAGE (LOADED),1
DRAYAGE (REJECTED),1
Inside DL,1
Hospital DL,1
Liftgate DL,1
NEW YORK ISLAND DELIVERY NYILD,1
DEFICIT DEF78 84337,1
Chargeback Addl. Handling weight,1
LTD ACCESS DELIVERY,1
ZINC DIECAST PARTS 85 782 30.08,1
NMFC 051080-05 70 793 53.98 Faucets; Bibcocks;,1
NMFC 051080-05 70 140 MIN Faucets; Bibcocks;,1
NMFC 133300-05 MACHINERY; NOI; OR * 65 525 32.46,1
LIFTGATE CHARGE GENERAL LEDGER# ,1
PRINTED LABELS 55 685 23.23,1
IT-62070-1 CL70 32X24X16 70 368 MIN,1
NMFC 051080-05 70 124 MIN Faucets; Bibcocks; ...,1
NMFC 051080-05 70 669 MIN Faucets; Bibcocks;,1
NMFC 133300-03 OR * 125 1045 38.56 MACHINERY; NOI;,1
002650 CALIFORNIA COMPLIANCE,1
WGT. DEFICIT CHARGE 70 100 33.87,1
NMFC 051080-05 Faucets; Bibcocks; 70 820 55.98,1
NMFC 051080-05 Faucets; Bibcocks; 70 151 MIN,1
NMFC 051080-05 Faucets; Bibcocks; 70 305 MIN,1
NMFC 029785-05 O * 125 250 MIN BOXES; FIBREBOARD;,1
CRATES 70 250 MIN (WOODEN),1
BYPU PICKUP MILES ADDITIONAL 91.000 2.5000,1
STAMPED PTS 70 2000 16.18,1
NMFC 133300-02 OR * 250 43 MIN MACHINERY; NOI;,1
Border Security,1
Customs Trans border,1
India KA CGST,1
India KA SGST,1
LINEHAUL,1
PACSU PACKING SUPPLIES UN LABELS 2.000 10.0000,1
MILE MILEAGE 82.000 2.5000,1
50 3;158 22.49,1
BELIMO US INC PRODUCT 70 500 MIN,1
NMFC 051080-05 Faucets; Bibcocks; 70 2916 18.02,1
Billing Adjustment for  W/E 07/04/2026,1
Returns EPA Processing Fee,1
H4 Delivery,1
Pre Release Notification,1
Fix Levering ,1
Inklaringsafhandeling ,1
Tolgelden ,1
CPLUS LOCAL DRIVE CHARGES 111.000 1.4300,1
FRT FREIGHT CHARGE 1155.0000,1
ATDL ATTEMPTED TENDER,1
Export Acceptance DNATA 0,1
Special Services,1
Non-Taxable Broker Fee,1
Government Tax Nigeria 0,1
SAF Contribution 0 Charge,1
METAL STAMPING 50 1000 MIN,1
CL50 50 405 MIN,1
STAMPED PARTS 70 2450 16.18,1
NMFC 051080-05 70 119 MIN Faucets; Bibcocks;,1
Express Early Shipment,1
METAL STAMPING 50 650 MIN,1
CONTROL VALVE 70 210 MIN,1
NYHULL-BEND TESTER OR# HARDWARE *FXF 100001/05/26 ILC 11080,1
Rolls,1
CALIFORNIA COMPLIANCE SURCHARGE ,1
Appointment,1
Storage cool/freeze DNATA 0,1
SPRINTER VAN,1
WAIT WAIT TIME @ ATTEMPT,1
BYPU PICKUP MILES ADDITIONAL 145.000 3.0000,1
AHPD AFTER HOURS TENDER,1
RECH RECOVER AND HOLD,1
Customs Border Fee,1
(EX175) 99 EX175 76639,1
PIECE MEDICAL SUPPLIES NOI - DENSITY 6 BU 125.0 157 F/C,1
PIECE MEDICAL SUPPLIES NOI DENSITY 6 BUT 125.0 250 F/C,1
PAIL UN1688; SODIUM CACODYLATE; 6.1; PG 85.0 551 186.65,1
PIECE FILM OR SHEETING LT 15 PCF 048/40/ 110.0 225 F/C,1
PALLET I168920-6 DVDS 15 BLT22.5 PCF 100.0 266 399.36,1
PALLET STEEL EXPANSION TANK - OTHER THAN B 150.0 167 F/C,1
PALLET FILM OR SHEETING NOI - DENSITY 30 o 55.0 971 107.35,1
PALLET MACHINERY 5 BLT 10 PCF 125.0 200 F/C,1
PIECE FILM OR SHEETING NOI - DENSITY LESS 92.5 122 F/C,1
PIECE CABLE OR WIRE 042/42/26 1 PC 70.0 696 122.00,1
PIECE CABLE OR WIRE 040/36/53 1 PC 70.0 640 122.00,1
* DEFICIT WEIGHT CHARGE *,1
IT 29275.4 KDF KNOCKED DOWN FOLDED,1
Tariff Update,1
* NMFC 133300-02 MACHINERY; NOI; OR 250 141 MIN,1
CL60 60 693 33.56,1
NMFC 133300-02 OR * 250 227 MIN MACHINERY; NOI;,1
PLASTIC ARTICLES NMFC,1
* NMFC 133300-03 MACHINERY; NOI; OR 125 212 MIN,1
NMFC 133300-03 OR * 125 250 MIN MACHINERY; NOI;,1
HVAC ASSEMBLY 70 480 MIN COMPONENTS/VALVE,1
NMFC 051080-05 70 301 MIN Faucets; Bibcocks;,1
WOODEN CRATES 70 500 MIN,1
SWC DEST SUFFERANCE WAREHOUSE; GRP 1 M,1
BYPU PICKUP MILES ADDITIONAL 145.000 3.5000,1
* NMFC 133300-03 MACHINERY; NOI; OR 125 214 MIN,1
NMFC 051080-05 Faucets; Bibcocks; 70 235 MIN,1
LABEL SPOOL CONES 70 90 MIN,1
ACCESSORIAL FEE ADJUSTMENT,1
BELIMO US INC PRODUCT 70 500 24.73,1
METAL STAMPINGS 50 815 MIN,1
SEALED AIR CORP PRODUCT 60 2323 9.97,1
* NMFC 133300-02 MACHINERY; NOI; OR 250 150 MIN,1
PROCOMER FEE (FACTURA CONSOLIDADA DUAS LOCALES),1
INSPECTION ,1
TOTAL LINE HAUL,1
Origin Warehouse Services,1
Scheduled Appointment Delivery,1
CHASSIS SPLIT,1
DRIVER WAIT TIME,1
REWEIGH FEE,1
INSPECTION,1
OK2FWD destination EBL ,1
Handling charges cold chain 2-8 ,1
Toll (distance based) ,1
Storage cool/freeze,1
Storage cool/freeze - dnata,1
Toll charge (distance based,1
LICENSE PREPARATION ,1
BYPU PICKUP MILES ADDITIONAL 51.000 2.5000,1
PARK PARKING FEES @ PU,1
Pst Quebec,1
CARRIER CAPACITY SURCHARGE,1
PICK-UP SEFL,1
ADVANCES,1
Filler Only Pkg LG,1
"Fragile- Large, 20x20x20",1
FRT FREIGHT CHARGE 1.000 60.0000,1
WTAH AFTERHOURS RECOVERY,1
FRT AIR FREIGHT 1.000 1010.0000,1
IMPT IMPORT FEES,1
FRT AIR FREIGHT 11.000,1
Mailr Smart 12.5x18,1
Malr Smrt 14.25 X 19.25,1
ATPU ATTEMPTED PICKUP X 2 2.000 75.0000,1
FRT FREIGHT CHARGE 1.000 145.0000,1
Filler Only Pkg MD,1
Large Package Surcharge Comm - Weight,1
SECURITY \ SCREENING FEE ,1
ADVANCES CONCORDIA SYDNEY,1
BYPU PICKUP MILES ADDITIONAL 16.000 2.5000,1
PICK-UP TRUCK OPS CARRIER,1
BYPU PICKUP MILES ADDITIONAL 9.000 2.5000,1
METAL STAMPINGS 50 485 MIN,1
CASTINGS 60 3210 21.51,1
* NMFC 133300-03 MACHINERY; NOI; OR 125 120 MIN,1
BYPU PICKUP MILES ADDITIONAL 72.000 2.5000,1
Rebill Duty,1
Special Express Clearance,1
Inspection,1
Notification Fee,1
Delivery Lane Charge,1
Standard- Golf Bag Box,1
FRT FREIGHT CHARGE 1.000 119.0000,1
"Standard- Small, 8x8x8",1
CARRIER CAPACITY SURCHARGE 1;600 0.08,1
SECURITY \ SCREENING FEE 1;600 0.17,1
PREPULL,1
DESTINATION THC E,1
Laadklep,1
DIGIT DOC/VUCEM FEE,1
IVA,1
NMFC 156830- Film or Sheeting; 55 394 6.85,1
Pick Up via Truck Greater of (Min Rate EUR 15;00; Zero Rated 1.,1
Export Customs Clearance Base Rate EUR 27;50 Zero Rated 1.,1
1. Org. Terminal Handling-Forwarder Greater of (Min Zero Rated,1
1. Org. Cargo Screening Base Rate EUR 60;00 Zero Rated,1
LICENSE PREPARATIONÂ ,1
Org. Administrative Handling Base Rate EUR 20;00 Zero Rated 1.,1
Freight 100 KG @ EUR 9;50/KG Zero Rated 1.,1
METAL STAMPINGS 50 300 MIN,1
Airline Airfreight Surcharge Base Rate EUR 85;00 Zero Rated 1.,1
Security Surcharge Greater of (Min Rate EUR 0;10; Zero Rated 1.,1
NMFC 051080-05 70 167 MIN Faucets; Bibcocks;,1
NMFC 95190-08 HARDWARE NOI 85 4890 13.98,1
METAL PRODUCTS 50 2902 17.31,1
PREVALIDATION (PRV),1
CONTRAPRESTACIONCNT,1
(EX175) 142 EX175 111431,1
MX BROKERAGE FEE-A,1
Argentina Export Duty,1
NMFC 051080-05 70 3408 40.03 Faucets; Bibcocks; ...,1
WID TSP 7/01/26 DIMENSIONER INSPEC Rated As; Deficit Weight,1
Minimum Charge Minimum charge based on 341 miles,1
INSTAPAK 60 5196 6.85,1
Customs Processing and Admin Fees,1
Extended Pickup Area Surcharge,1
HANDLING CHARGE- TAX,1
HDWE 50 3975 17.70,1
Gears-Motors Parts 77.5 450 MIN or therof; NOI;,1
PALLET WEIGHT CL50 60 50 FLAT,1
78.00% DISC 0.00,1
CRT VALVES I&S OR NP IT-51080-7 60 617 FLAT,1
CASTINGS 50 320 MIN,1
NMFC 013120-07 Aluminum 92.5 466 MIN Articles;,1
TICA FEE,1
CARRIER DOC FEE,1
DWD DEST DETENTION WITH POWER,1
FSC FUEL SURCHARGE 34.60%,1
ADML N DOCS E,1
(EX175) 219 EX175 81785,1
NMFC 133300-02 OR * 250 252 MIN MACHINERY; NOI;,1
NMFC 051080-05 Faucets; Bibcocks; 70 365 MIN,1
CFS,1
THC,1
CUSTOMS,1
MANIFEST,1
IMP/A TERMINAL CHGS,1
(EX175) 135 EX175 66263,1
49.0 280 EX175 71316 (EX175),1
"Fragile- Small, 8x8x8",1
(EX175) 88 EX175 76639,1
(EX175) 130 EX175 93006,1
(EX175) 143 EX175 66263,1
AIR REIGHT E,1
I CKUP E,1
NMFC 051080-05 Faucets; Bibcocks; 70 1005 18.94,1
PI CKUP Z,1
0002264 WEIGHT VALIDATION FEE,1
LIFTGATE SVCDEST,1
RESIDENTIAL DELIVERY,1
VALVES 70 161 MIN,1
ETS Toeslag,1
ALR FREIGHT 7,1
CHC 7,1
Extra Duties,1
CERTIFICATE Z,1
T/C 7,1
DOCS Z,1
Handling Z,1
Delivery Z,1
PI I CKUP E,1
NMFC 051080-05 Faucets; Bibcocks; 70 1070 16.30,1
Security Surcharge Greater of (Min Rate EUR 0;10; 80 Kilogram(s) @ EUR 0;10/KG),1
NMFC 051080-05 70 1803 30.85 Faucets; Bibcocks; ...,1
NMFC 156600-04 PLASTIC O * 175 227 MIN ARTICLES;,1
Add Stop Same Address,1
(EX175) 230 EX175 62232,1
WAIT WAIT TIME @ RECOVERY ATTEMPT,1
ITEM 056590-04 (CL175) CLASS 175.0 48.0 X 42.0 X 51.0 (EX175) 252 EX175 78587,1
NMFC 133300-02 OR * 250 465 60.53 MACHINERY; NOI;,1
NMFC 051080-05 Faucets; Bibcocks; 70 114 MIN,1
(EX175) 90 EX175 27658,1
Line haul,1
ROUGH IRON CASTINGS NOIBN 50 13505 7.44,1
BELIMO US INC PRODUCT 70 380 MIN,1
MCADJ CONTRACT MINIMUM REACHED ADJ,1
MEDICAL DEVICES CLASS 175.0 48.0 X 42.0 X 50.0 (EX175) 296 EX175 51808,1
(EX175) 355 EX175 90538,1
NMFC 061700-08 ELECTRICAL APPLIANCE * 85 535 32.46,1
(EX175) 231 EX175 82620,1
DEFICIT WGT. 41.64 CHARGE 70 66,1
NMFC 051080-05 70 255 MIN Faucets; Bibcocks;,1
53.0 287 EX175 84600 (EX175),1
(EX175) 263 EX175 56272,1
NMFC 051080-05 70 340 MIN Faucets; Bibcocks;,1
NMFC 133300-02 MACHINERY; NOI; OR * 250 77 MIN,1
* NMFC 133300-03 MACHINERY; NOI; OR 125 100 MIN,1
NMFC 051080-05 70 960 50.72 Faucets; Bibcocks; ...,1
ACTUATORS 100 241 MIN,1
NMFC 051080-05 Faucets; Bibcocks; 70 1935 17.60,1
CONTRACT REACHED MCADJ MINIMUM ADJ,1
NMFC 051080-05 70 205 MIN Faucets; Bibcocks; ...,1
MEDICAL DEVICES CLASS 175.0 48.0 X 42.0 X 61.0 658 14745,1
ITEM 056590-04 (CL175) CLASS 175.0 48.0 X 40.0 X 64.0 (EX175) 356 EX175 90631,1
NMFC 051080-05 Faucets; Bibcocks; 70 195 MIN,1
* NMFC 133300-02 MACHINERY; NOI; OR 250 220 MIN,1
* NMFC 061700-03 ELECTRICAL APPLIANCE 250 169 MIN,1
(EX175) 103 EX175 84977,1
40.0 X 20.0 (EX175) 88 EX175 77588,1
DEFICIT DEF185 30216,1
Pick Up via Truck Greater of (Min Rate 80 Kilogram(s) @ EUR 0;10/KG),1
CLASS 85.0 48.0 X 42.0 X 53.0 (EX85) 815 EX85 30216,1
PIECE FUME HOOD 038/30/34 1,1
PIECE FUME HOOD 081/31/73 1,1
PIECE FUME HOOD 081/31/73 1 PC,1
<> ELIVERY ESTES GUARANTEE 12PM - EXPRESS ,1
NMFC 051080-05 70 880 35.16 Faucets; Bibcocks;,1
DEFICIT WGT. CHARGE 175 50 36.04,1
NMFC 029785-04 O * 175 450 36.04 BOXES; FIBREBOARD;,1
BELIMO US INC PRODUCT 70 70 MIN,1
EXTRA AFHALING,1
TOLL,1
NMFC 051080-05 70 784 19.80 Faucets; Bibcocks; ...,1
MObLITY PACKAGE,1
NMFC 051080-05 70 968 19.00 Faucets; Bibcocks;,1
NMFC 051080-05 Faucets; Bibcocks; 70 299 52.84,1
Lifeguard Service,1
PIECE FURNE HOOD 055/36/85 1,1
NMFC 051080-05 Faucets; Bibcocks; 70 450 MIN,1
************AMOUNT DUE************,1
EX175 MEDICAL DEVICES CLASS 175.0 (EX175) 133 25535,1
STAMPED PARTS 70 3860 16.18,1
(EX175) 205 EX175 105109,1
CRT VALVES I&S OR NP IT-51080-7 60 7770 FLAT,1
40.0 X 36.0 (EX175) 136 EX175 77588,1
* NMFC 062070-01 GEAR-MOTORS OR PARTS 70 914 29.65,1
MEDICAL DEVICES CLASS 175.0 (EX175) 326 EX175 25535,1
MEDICAL DEVICES CLASS 92;5 51.0 X 1.0 X 1.0 545 13695,1
* NMFC 133300-03 MACHINERY; NOI; OR 125 330 MIN,1
NMFC 051080-05 Faucets; Bibcocks; 70 191 MIN,1
NMFC 051080-05 70 100 MIN Faucets; Bibcocks; ...,1
ACTUATOR 70 95 MIN,1
Special DL,1
NMFC 133300-03 125 102 MIN,1
TIME CRITICAL GTD ,1
(EX175) 83 EX175 57301,1
Processing Fee,1
STAINLESS SHAFTS 150 324 MIN,1
Frg 22x22x22 Multi-depth Boxes,1
Additional Handling Charge,1
Direct Delivery Only,1
795 LESS DISCOUNT,1
NMFC 051080-05 70 115 MIN Faucets; Bibcocks;,1
CONTROL VALVES *FXF 100001/05/26 ILC 04245,1
0000009 DEFICIT WT=LOWER CHARGES ** **,1
NMFC 051080-05 70 362 48.98 Faucets; Bibcocks; ...,1
NMFC 051080-05 Faucets; Bibcocks; 70 260 MIN,1
HANDLING UNITS 1 OF TYPE SKID,1
SHIPPING CORRECTION AUDIT FEE,1
NMFC 051080-05 Faucets; Bibcocks; 70 125 MIN,1
Pick Up via Truck Greater of (Min Rate EUR 15;00; 850 Kilogram(s) @ EUR 0;10/KG),1
ACTUATOR 70 180 MIN,1
Org. Terminal Handling-Forwarder Greater of Rate EUR 30;00; 850 Kilogram(s) @ EUR 0;12/KG),1
Org. Administrative Handlind,1
NMFC 051080-05 70 385 MIN Faucets; Bibcocks; ...,1
* NMFC 133300-02 MACHINERY; NOI; OR 250 207 MIN,1
STEEL RODS 50 632 28.78,1
NMFC 133300-03 MACHINERY; NOI; OR * 125 71 MIN,1
20   x 20   x 12   box,1
Package Tape HeavyDutyGreener,1
LTL Fuel Surcharge,1
ADSTOP ADDITIONAL STOP,1
ADSTOP ADDITIONAL STOP UN LABEL,1
MILE MILEAGE 2.000 2.5000,1
FRT FREIGHT CHARGE 3135.0000,1
BYPU PICKUP MILES ADDITIONAL 6.000 2.5000,1
75.00% DISCOUNT,1
Worldwide Express Saver,1
NON-CONVEYABLE PIECE - IRREGULAR,1
Skid/Pallet Weight 50 lbs. 24~ L X 31~ W X 25~ H Cnt,1
HANDLING UNITS 1 OF TYPE OTH NO DESCRIPTION ON BILL OF LADING,1
NMFC 051080-05 Faucets; Bibcocks; 70 76 MIN,1
NMFC 051080-05 Faucets; Bibcocks; ... 70 282 MIN,1
VAT on Ancillary,1
Org. Airport Fees,1
Airline Airfreight Surcharge - Base Rate EUR 85;00 ,1
Security Surcharge - Greater of (Min Rate EUR 0;10;,1
FRT FREIGHT CHARGE 750.0000,1
CPLUS LOCAL DRIVE CHARGES 170.560 1.4300,1
38 38 SHUTTLE TO BELIMO 2600,1
Broker Selection Option,1
26 26 SKIDS 999,1
Canada HST (NB),1
Express Saver Third Party,1
PR Std Lg 20x20x12,1
12.986 %  HST,1
* NMFC 133300-03 MACHINERY; NOI; OR 125 105 MIN,1
REWEIGH OR RECLASSIFY 850,1
BYDL DELIVERY MILES ADDITIONAL 15.000 3.5000,1
DOCU LGA SURCHARGE,1
ATDL ATTEMPTED TENDER UA,1
DETENTION WITH POWER,1
AOG Handling,1
15 15 MISC PARTS FOR STORAGE 4974,1
DETENTION BELIMO 844AM-1101AM,1
Dest. Terminal Handling-Forwarder Greater of (Min Rate EUR 35;00; 274 Kilogram(s) @ EUR 0;148/KG),1
Pick Up via Truck Greater of (Min Rate EUR 15;00; 274 Kilogram(s) @ EUR 0;10/KG),1
Org. Terminal Handling-Forwarder Greater of Rate EUR 15;00; 274 Kilogram(s) @ EUR 0;10/KG),1
Org. Document Handover,1
Freight Greater,1
Security Surcharge Greater of (Min Rate,1
Delivery via Truck Greater of (Min Rate EUR 225;00; 274 Kilogram(s) @ EUR 0;45/KG),1
FSC - ADDER,1
TIME CRITICAL GTD LTL STDÃƒÂ‚Ã‚Â ,1
LIFTGATE CHARGE GENERAL LEDGER# 137-2686-64420 P o # V01s00006469081 P o # V01s00006468924 R+L INV 2798672132601 BOL READS SOLUTIONS,1
NMFC 051080-03 Faucets; Bibcocks; 70 445 MIN,1
Border Processing Service Charge,1
LIne Haul,1
CONSTRUCTION SITE DELIVERY FEE,1
Pallet Palstic Articles Density,1
HANDLING UNITS 7,1
Fgl- Lg 18x18x18,1
"Fragile- Large, 24x24x24",1
H5 Delivery,1
| SS E,1
Brokerage GST/HST,1
Government Agency Fee,1
NMFC 133300-04 OR * 85 105 MIN,1
NMFC 051080-05 Faucets; Bibcocks; 70 670 39.78,1
Adult Signature Required,1
Courier Package Fees,1
(EX175) 86 EX175 50855,1
(EX175) 117 EX175 42389,1
(EX175) 233 EX175 32391,1
(EX175) 68 EX175 52780,1
(EX175) 66 EX175 77588,1
MEDICAL DEVICES NMFC 056590 CLASS 200.0 48.0 X 42.0 X 50.0 281 76639,1
(EX175) 87 EX175 90538,1
(EX175) 135 EX175 76639,1
HM3209223,1
RAW CASTINGS 60 373 MIN,1
GUARANTEED BY 5PM FLAT 000000|005000,1
ITM 290;101 APPLIES PER PYLE RULES TARF 85 4682 45.57,1
STC 29BX 70 926 29.65,1
NMFC 051080-05 Faucets; Bibcocks; 70 5848 37.09,1
ASSEMBLED 40X24X28~ IT-62070-1 CL70 70 285 MIN,1
FLAT CHICAGO METRO CHARGE,1
ITM 290;101 APPLIES PER PYLE RULES TARF 85 5104 45.57,1
AS 5000 POUNDS DEFICIT WEIGHT 318 45.57,1
OVER DIM - 84.51 IN,1
CASTINGS 70 4450 17.00,1
ADMI I N DOCS,1
NMFC 133300-02 OR * 250 635 64.74 MACHINERY; NOI;,1
NWCARBCTED CITY FEE FLAT,1
NMFC 051080-05 70 555 21.82 Faucets; Bibcocks;,1
--> R&L'S DISCOUNT SAVES YOU,1
ASSEMBLED IT-062070-1 CL70 70 268 MIN,1
27.0 235 87215,1
PLASTIC PARTS DIMENSIONS: 48X 40 X 24,1
Filler - Fragile Small,1
THC (Terminal - Handling Charge) Import,1
(EX175) 168 EX175 90538,1
ITEM 056590-04 (CL175) CLASS 175.0 48.0 X 42.0 X 50.0 (EX175) 271 EX175 90631,1
(EX175) 65 EX175 64814,1
(EX175) 239 EX175 90631,1
AFS AIR FREIGHT SURCHARGE DL 2.000 27.0100,1
GST/HST,1
(EX175) 43 EX175 90538,1
HSC reporting,1
EDI Fee,1
Remittance Charge,1
FRT FREIGHT CHARGE 900.0000,1
BYPU PICKUP MILES ADDITIONAL 58.000 2.5000,1
Customs Authorization,1
TERMINAL SECURITY FEE - ORIG,1
SPECIAL HANDLING - ORIG,1
X 40.0 X 57.0 275 87606,1
Other Charges,1
HANDLING UNITS 9 OF TYPE SKID DN 610,1
THC (Terminal Handling charge) - Import,1
AMS (Automated Manifest System),1
Inland/Linehaul/Haulage vilnius - Hamburg,1
Delivery Trumbull; CT,1
CFS Charges - Destination,1
Facility Fee Import,1
Export Customs Clearance Charges,1
Fee - Handling/Handoven Import,1
DN 611,1
"Business or Office Machines, viz.",1
Discount Allowed 82.00%,1
Indv Pcs 1,1
Discount Allowed 87.00%,1
Discount Allowed 80.00%,1
DIGITAL CABLE MODEMS,1
NMFC 051080-05 Faucets; Bibcocks; 70 110 MIN,1
OVERTIME,1
NOTIFICATION/SUSPENSION OF SVC CHARGE FLAT,1
PRINTED LABELS 55 514 23.23,1
NMFC 051080-05 Faucets; Bibcocks; 70 80 MIN,1
PALLETS 70 380 32.50 (PLASTIC),1
REUSABLE CRATES 70 400 24.73,1
CHARGEABLE PALLET WEIGHT 60 198 21.51,1
ALUM CAST 60 2732 21.51,1
CHARGEABLE PALLET WEIGHT 60 200 23.51,1
METAL PRODUCTS 50 430 26.77,1
NMFC 051080-05 Faucets; Bibcocks; 70 735 23.89,1
NMFC 156600-06 PLASTIC O * 100 498 MIN ARTICLES;,1
HDWR 92.5 296 MIN,1
* NMFC 133300-03 MACHINERY; NOI; OR 125 163 MIN,1
PALLET WEIGHT CL50 50 700 15.43,1
STC 18BX 70 359 MIN,1
AIR SWITCHES 100 346 MIN,1
NMFC 051080-06 Faucets; Bibcocks; 70 595 MIN,1
HARDWARE 85 220 MIN,1
1 SKD CONTROL VALVE CLASS 70 156 M,1
NMFC 051080-05 70 236 MIN Faucets; Bibcocks;,1
4570004072 SHPR# PRINTED ADHESIVE LABELS *FXF PZONE01/05/26 ILS 11115,1
Hold & Notify,1
BONDED STORAGE,1
UPS WorldEase Worldwide Saver Shipment,1
NMFC 051080-05 Faucets; Bibcocks; 70 520 42.10,1
VALVES 70 614 46.16,1
WARREN CONTROLS PRODUCT 70 195 MIN,1
NMFC 133300-03 OR * 125 85 MIN MACHINERY; NOI;,1
NMFC 051080-05 70 195 MIN Faucets; Bibcocks; ...,1
Retourzendingen Extra Tariefposten,1
NMFC 051080-05 Faucets; Bibcocks; 70 245 MIN,1
DETENTION SHEPARDS 127PM-339PM,1
DETENTION BELIMO 1043AM-1156AM,1
4 4 MISC PARTS FOR STORAGE 070 2000,1
Corrected BOL,1
Returns TB Express Saver,1
NMFC 133300-04 OR * 85 2998 31.91 MACHINERY; NOI;,1
NMFC 051080-05 Faucets; Bibcocks; 70 205 MIN,1
NMFC 051080-05 70 100 MIN Faucets; Bibcocks;,1
NMFC 051080-05 Faucets; Bibcocks; 70 415 39.18,1
Dest. Airport Fees Base Rate,1
Dest. Terminal Handling-Forwarder Greater of (Min Rate EUR 56;70; 328 Kilogram(s) @ EUR 0;56/KG),1
Delivery via Truck Greater of (Min Rate EUR 350;00; 588;5 Kilogram(s) @ EUR 0;20/KG),1
Pick Up via Truck Greater of (Min Rate EUR 15;00; 100 KG @ EUR 0;10/KG),1
Dest. Terminal Handling-Forwarder Greater of (Min Rate EUR 42;00; 588;5 Kilogram(s) @ EUR 0;30/KG),1
Dest. Administrative Handling Base Rate,1
Org. Terminal Handling-Forwarden Greater of (Min,1
Pick Up via Truck Greater of (Min Rate EUR 95;5 Kilogram(s) @ EUR 0;10/KG),1
Org. Terminal Handling-Forwarden Rate EUR 15;00; 95;5 Kilogram(s) @,1
Security Surcharge Greater of (Min Rate EUR 95;5 Kilogram(s) @ EUR 0;10/KG),1
Pick Up via Truck Greater of (Min Rate EUR 15;00; 625 Kilogram(s) @ EUR 0;10/KG),1
Dest. Terminal Handling-Forwarder 0;18/KG,1
Export Customs Clearance Base Rate EUR,1
Org. Terminal Handling-Forwarder Greater of Rate EUR 15;00; 625 Kilogram(s) @ EUR 0;10/KG),1
Dest. Terminal Handling-Forwarder,1
Import Customs Clearance Base Rate EUR 51;56,1
Security Surcharge Greater of (Min Rate EUR 0;10; 588;5 Kilogram(s) @ EUR 0;10/KG),1
Delivery via Truck Greater of (Min Rate EUR 297;00; 328 Kilogram(s) @ EUR 0;63/KG),1
OVERSIZE PIECE,1
NMFC 051080-05 70 945 24.79 Faucets; Bibcocks; ...,1
Pick Up via Truck Greater of (Min Rate 290 Kilogram(s) @ EUR 0;10/KG),1
Org. Terminal Handling-Forwarder Greater of Rate EUR 15;00; 290 Kilogram(s) @ EUR 0;10/KG),1
NMFC 133300-02 MACHINERY; NOI; OR * 250 11 MIN,1
Security Surcharge Greater of (Min 290 Kilogram(s) @ EUR 0;10/KG),1
Pick Up via Truck Greater of (Min Rate EUR 15;00; 250 Kilogram(s) @ EUR 0;10/KG),1
NMFC 051080-05 70 160 MIN,1
Security Surcharge Greater of (Min Rate EUR 328 Kilogram(s) @ EUR 0;10/KG),1
Pick Up via Truck Greater of (Min Rate EUR 15;00; 588;5 Kilogram(s) @ EUR 0;10/KG),1
Org. Terminal Handling-Forwarder Greater of (Min,1
Org. Terminal Handling-Forwarden Greater of,1
NMFC 051080-05 70 1416 24.79 Faucets; Bibcocks; ...,1
BELIMO US INC PRODUCT 70 250 MIN,1
Freight Greater of (Min Rate EUR Kilogram(s) @ EUR 2;13/KG),1
LIFTGATE FEE ,1
ITEM 116030 SUB : 7 EQUIPMENT,1
MACHINE,1
2 DIVISION 1.4; LIMITED QUANTITY L: 48 W: 40 H: 48 IN 64300-2 5;690 12.66,1
Faucets; Bibcocks; Gate Valves or 070 540 70103,1
NMFC 133300-02 OR * 250 145 MIN MACHINERY; NOI;,1
Liftgate PU,1
Inside PU,1
Less Than Container Freight (LCL),1
IMO2020 Surcharge,1
AMS Fee,1
Port Congestion Fee,1
Courier/Messenger/(In case is needed),1
Cross Border/Homeland Security Fee,1
Weight/Inspection,1
CVO bh3j2648m7,1
LEGES KVK bh3j2648m7,1
Totaal excl. BTW EUR :,1
WAIT WAIT TIME @ TENDER 1058034,1
Faucets; Bibcocks; Gate Valves or 175 254 201717,1
Pallet 1/1 US/CA uses only 085 545 84447,1
NMFC 051080-05 Faucets; Bibcocks; 70 571 MIN,1
NMFC 156600-02 Articles; see Notes; item 300 85 100.23,1
NMFC 029785-03 BOXES; FIBREBOARD; o * 250 112 MIN,1
STEEL NOI 50 470 MIN,1
HARDWARE 50 3965 17.70,1
NMFC 013120-08 Aluminum Articles; 85 233 MIN,1
OVER DIM 240 IN,1
METAL STAMPINGS 50 600 MIN,1
NMFC 156600-03 item 250 117 33.41 Articles; see Notes;,1
Paper Goods or Articles; viz. 085 455 40832,1
NMFC 156830-08 Film or Sheeting; 55 394 6.85,1
NMFC 051080-05 Faucets; Bibcocks; 70 1452 19.68,1
VALVES 70 540 56.83,1
Paper Goods or Articles; viz. 092 1510 29055,1
METAL PARTS 50 2187 16.18,1
MEDICAL SUPPLIES 9880 Flat rate 1 1435.00,1
WAIT WAIT TIME @ RECOVERY 1051327,1
1 DIVISION 1.4; LIMITED QUANTITY L: 48 W: 40 H: 48 IN 64300-2 322 64.83,1
ITEM 161870 PRINTED,1
HANDLING FEE,1
NMFC 013120-07 Aluminum 92.5 480 MIN Articles;,1
NMFC 051080-05 70 580 24.73 Faucets; Bibcocks; ...,1
NMFC 133300-02 OR * 250 266 MIN MACHINERY; NOI;,1
NMFC 051080-05 Faucets; Bibcocks; 70 210 MIN,1
NMFC 051080-05 Faucets; Bibcocks; 70 310 MIN,1
Weight Validation Fee,1
Shipping correction charges,1
28.60% DISC,1
Returns Extended Area P/U Surcharge-Origin,1
Returns Freight,1
BASE MISSING CHARGE1059121,1
Next Day Air Early Residential Third Party,1
Toeslag fact. IR/BTW aan verzender,1
3 SKD DIGITAL CABLE MODEMS (640 SAX; 384 100 CLASS 100 FAK 1;758 22.51,1
NL-Buit,1
CL60 60 735 26.74,1
CL60 60 685 26.74,1
NMFC 156830- Film or Sheeting; 55 394 MIN,1
ITEM 056590-04 (CL175) CLASS 175.0 48.0 X 42.0 X 66.0 (EX175) 371 EX175 56272,1
DOC FEE,1
HBL FREIGHT MINIMUM,1
DAD,1
SECURITY,1
LOADING,1
AIR FREIGHTÂ ,1
(CL175) CLASS 175.0 (EX175) 393 EX175 66803,1
NMFC 051080- 60 60 MIN Faucets; Bibcocks;,1
175.0 48.0 X 1.0 X 1.0 (EX175) 135 EX175 66803,1
(EX175) 57 EX175 16553,1
(EX175) 233 EX175 66057,1
48.0 X 42.0 X 61.0 608 62092,1
(EX175) 342 EX175 18515,1
(EX175) 221 EX175 71316,1
Pick Up via Truck Greater of (Min Rate EUR 15;00; 648 Kilogram(s) @ EUR 0;10/KG),1
Org. Terminal Handling-Forwarden Greater Rate EUR 15;00; 648 Kilogram(s) @ EUR,1
Security Surcharge Greater of (Min 625 Kilogram(s) @ EUR 0;10/KG),1
AES Filing Fee,1
PLASTIC ARTICLES 100 378 MIN,1
D/O FEE E,1
DELIVERY E,1
ISS E,1
BEFORE HOURS DELIVERY CHARGE,1
IT#061130 S3 DIGITAL CABLE MODEMS,1
(EX175) 73 EX175 89532,1
(EX175) 123 EX175 91831,1
(EX175) 139 EX175 68804,1
61.0 338 EX175 81785 (EX175),1
Adrescorrectie WW Express Saver,1
(EX175) 235 EX175 82620,1
(EX175) 84 EX175 64814,1
Standard- Heavy Materials,1
DETENTION 307PM-330PM,1
NMFC 051080-05 Faucets; Bibcocks; 70 8805 25.34,1
OVER DIM - 78 IN,1
MACHINES; NMFC# 116030-4,1
IT30310 CABLE OR WIRE,1
NMFC 051080-05 70 186 MIN Faucets; Bibcocks;,1
Origin Terminal Handling charge,1
BELIMO US INC PRODUCT 70 180 MIN,1
SCHEDULED APPOINTMENT DELIVERY ,1
PLASTIC ARTICLES ,1
008422,1
68246558 SHPR# CONTROL VALVE *FXF 50101/05/26 ILS 04245 FAK RATES APPLIED,1
WGT. DEFICIT CHARGE 70 128 34.77,1
ITEM 030310 SUB : 2 CABLE OR WIRE,1
RECONSIGNMENT,1
"ITEM 116030 SUB:4 SYSTEMS,MACHINES",1
Reweigh to 5000lbs ,1
DIGITAL CABLE COMPONENTS NMFC# 061130,1
ITEM 116030 SUB : 4 MACHINE SYSTEM,1
36 36 MISC PARTS FOR STORAGE 070 34974,1
Import Electronic Seal LCL,1
* NMFC 133300-02 MACHINERY; NOI; OR 250 3334 30.63,1
Not Previously Billed Canada Residential Surcharge,1
Minimum Charge Minimum charge based on 665 miles,1
(EX175) 427 EX175 16553,1
(EX175) 147 EX175 53975,1
40X24X28IN 70 276 MIN,1
* NMFC 133300-03 MACHINERY; NOI; OR 125 252 MIN,1
NMFC 051080-05 85 120 MIN Faucets; Bibcocks;,1
Freight Charge Freight Charge 1.00 $272.440,1
NMFC 051080-05 70 155 MIN Faucets; Bibcocks; ...,1
PRINTED LABELS 55 951 17.56,1
NMFC 051080-05 70 670 46.40 Faucets; Bibcocks;,1
ACTUATORS 100 355 MIN,1
METAL STAMPINGS 50 820 11.07,1
METAL STAMPINGS 50 650 11.07,1
NMFC 051080-05 70 327 MIN Faucets; Bibcocks;,1
LICENSE PREPARATION,1
(EX175) 220 EX175 56272,1
Notification Prior to Delivery,1
(EX175) 129 EX175 27658,1
(EX175) 174 EX175 24152,1
Pickup Cartage Attempt,1
(EX175) 93 EX175 34306,1
(EX175) 97 EX175 84977,1
(EX175) 85 EX175 55646,1
74.0 433 EX175 56272 (EX175),1
(EX175) 84 EX175 73008,1
(EX175) 159 EX175 51808,1
(EX175) 286 EX175 32391,1
Custom Clearance Road International 2 ENTRIES,1
65.0 379 EX175 76639 (EX175),1
Road international (Export) -Belarus -,1
(EX175) 145 EX175 77588,1
MEDICAL DEVICES CLASS 175.0 (EX175) 184 EX175 21592,1
MEDICAL DEVICES CLASS 175.0 48.0 X 1.0 X 1.0 (EX175) 488 EX175 21592,1
W&I FEE,1
OILS NMFC 145100 S2,1
Seasonal Surcharge ,1
Dest. Airport Fees Base Rate EUR,1
Import Customs Clearance - Base Rate EUR 51;56,1
Dest. Administrative Handling - Base Rate EUR 39;60,1
D&T Forwarding 3rd Party,1
Pick Up via Truck Greater of (Min Rate EUR 15;00; 1412;5 Kilogram(s) @ EUR 0;10/KG),1
Late Fee,1
Org. Terminal Handling-Forwarden Greater of (Min Rate EUR 15;00; 1412;5 Kilogram(s) @ EUR 0;10/KG),1
Org. Cargo Screening 1412;5 Kilogram(s) 0;10/KG,1
Freight 1412;5,1
Fut. Day OC Pickup Mon-Fri (CS),1
Dest. Airport Fees Base Rate EUR 30;00,1
Delivery via Truck Greater of (Min Rate EUR 25;00; 1412;5 Kilogram(s) @ EUR 0;20/KG),1
Dest. Terminal Handling-Forwarder Greater of (Min Rate EUR 18;00; 1412;5 Kilogram(s) @ EUR 0;15/KG),1
Dest. Administrative Handling Base Rate EUR 30;00,1
Pick Up via Truck Greater of (Min Rate EUR 15;00; 87 Kilogram(s) @ EUR 0;10/KG),1
Org. Terminal Handling-Forwarder Greater of (Min Rate EUR 15;00; 87 Kilogram(s) @ EUR 0;10/KG),1
Delivery via Truck - Greater of (Min Rate EUR,1
Dest. Airport Fees - Base Rate EUR 15;00 ,1
Pick Up via Truck Greater of (Min Rate EUR 15;00; 70 Kilogram(s) @ EUR 0;10/KG),1
Freight 504,1
Freight 648,1
Security Surcharge - Greater of (Min Rate EUR 0;10; 648 Kilogram(s) @ EUR 0;10/KG),1
Pick Up via Truck Greater of (Min Rate EUR 15;00; 504 Kilogram(s) @ EUR 0;10/KG),1
Pick Up via Truck Greater of (Min Rate EUR 15;00; 298;5 Kilogram(s) @ EUR 0;10/KG),1
Org. Terminal Handling-Forwarder Greater of Rate EUR 30;00; 504 Kilogram(s) @ EUR 0;12/KG),1
Org. Terminal Handling-Forwarder Rate EUR 15;00; 298;5 Kilogram(s) @,1
Security Surcharge Greater of (Min Rate EUR 0;10; 504 Kilogram(s) @ EUR 0;10/KG),1
Security Surcharge - Greater of (Min Rate EUR 0;10; 22 Kilogram(s) @ EUR 0;10/KG),1
Security Surcharge - Greater of (Min Rate EUR 0;10; 298.5 Kilogram(s) @ EUR 0;10/KG),1
Pick Up via Truck Greater of (Min Rate EUR 15;00; 22 Kilogram(s) @ EUR 0;10/KG),1
Org. Terminal Handling-Forwarder Greater of (Min Rate EUR 30;00; 122;5 Kilogram(s) @ EUR 0;12/KG),1
Org. Terminal Handling-Forwarder Greater of Rate EUR 30;00; 22 Kilogram(s) @ EUR 0;12/KG),1
Freight Greater of (Min Rate EUR 196;00. 22 Kilogram(s) @ EUR 3;19/KG),1
Security Surcharge Greater of (Min Rate EUR 122;5 Kilogram(s) @ EUR 0;10/KG),1
Org. Cargo Screening 87 Kilogram(s),1
Delivery via Truck Greater of (Min Rate EUR 25;00; 87 Kilogram(s) @ EUR 0;20/KG),1
NOTIFY PRIOR TO DELIVERY CHARGE SP,1
Dest. Terminal Handling-Forwarden Greater of (Min Rate EUR 18;00; 87 Kilogram(s) @ EUR 0;15/KG),1
RETURN,1
DRAYAGE,1
YARD PULL,1
Origin Handling Fee Busan port charge,1
HANDLING UNITS 9 OF TYPE SKID,1
LIFT ON LIFT OFF,1
IMP STORAGE CHARGES,1
CARRIER CHARGES,1
WARREN CONTROLS CORP PRODUCT 60 125 MIN,1
NMFC 051080-05 Faucets; Bibcocks; 70 345 MIN,1
NMFC 051080-05 Faucets; Bibcocks; 70 470 MIN,1
NMFC 051080-05 Faucets; Bibcocks; ... 70 105 MIN,1
Discount Allowed 81.00%,1
HANDLING UNITS 1 OF TYPE SKID Notification Prior to Delivery Indv Pcs 1 OTH,1
In & Out Charge,1
Accessorial 6,1
Org. Terminal Handling-Forwarder Greater of Rate EUR 30;00; 308 Kilogram(s) @ EUR 0;12/KG),1
Pick Up via Truck Greater of (Min Rate EUR 15;00; 308 Kilogram(s) @ EUR 0;10/KG),1
Credit Memo,1
Pick Up via Truck 224,1
Org. Terminal Handling-Forwarder 224 0;12/KG,1
Delivery via Truck 224,1
VALVES 70 350 75.96,1
Dest. Terminal Handling-Forwarder 224 0;56/KG,1
Courier service DHL 0,1
HDWR 65 695 30.08,1
Security Surcharge - Greater of (Min Rate EUR 0;10; 123;5 Kilogram(s) @ EUR 0;10/KG),1
NMFC 158880-04 PLUMBERS NOI * 175 70 MIN GOODS;,1
Pick Up via Truck Greater of (Min Rate EUR 15;00; 493 Kilogram(s) @ EUR 0;10/KG),1
Org. Terminal Handling-Forwarder Greater of Rate EUR 30;00; 493 Kilogram(s) @ EUR 0;12/KG),1
Security Surcharge - Greater of (Min Rate EUR 0;10; 493Kilogram(s) @ EUR 0;10/KG),1
Pick Up via Truck Greater of (Min Rate EUR 15;00; 123;5 Kilogram(s) @ EUR 0;10/KG),1
Org. Terminal Handling-Forwarden,1
"NMFC 133300-03 OR * 125 126 MIN MACHINERY, NOI,",1
