Charge Description,count
Fuel Surcharge,61157
Transportation Charge,38322
Discount,35526
Earned Discount,22904
Ground Commercial,15731
Grace Discount,11814
Shipping Charge Correction Fuel Surcharge,4929
Shipping Charge Correction Ground,4382
VAT,4193
Residential Delivery,3528
DAS Commercial,3087
Brandstof toeslag,2979
FUEL SURCHARGE,2569
GOGREEN PLUS - CARBON REDUCED,2406
Base,1830
Delivery Area Surcharge,1637
TB Express Saver,1556
Driving Additional Miles,1227
UPS WorldEase Fuel Surcharge,1117
UPS WorldEase Standard to Canada Shipment,1116
Residential Surcharge,1006
Ground Commercial Collect,887
Line Haul,767
Ground Residential,747
WW Express Saver,747
Next Day Air Commercial,681
Toll,610
DAS Extended Commercial,608
WW Express,606
Address Correction Fuel Surcharge,596
Disbursement Fee,551
Address Correction Ground,500
2nd Day Air Commercial,485
Demand Surcharge,474
DAS Residential,468
Add'l Handling-Dimension,462
Third Party Billing,450
Wait Time (P),439
Third Party Billing Service,419
Surge Emergency Fee - Commercial,397
After Hours,351
Delivery Area Surcharge - Extended,341
Chargeback Fuel Surcharge,340
Chargeback Ground Commercial,323
Pps Critical (American Airlines),308
Saturday Delivery,307
XPO LOGISTICS DISCOUNT SAVES YOU,292
Shipping Charge Correction Next Day Air,291
Direct Signature Req.,288
PREMIUM 12:00,283
EXPORT DECLARATION,278
Delivery Confirmation Signature - Commercial,262
FRT FREIGHT CHARGE 225.0000,251
Brokerage GST,250
Adult Signature Req.,245
Canada HST,236
Worldwide Express,233
Verzendcorrectiekosten,213
Security Surcharge,211
Ground Commercial Third Party,209
Customs Services,203
PGA Processing Fee,185
Linehaul,181
Address Correction,176
R&L'S DISCOUNT SAVES YOU,176
Duty and Tax Forwarding Surcharge,175
Returns Fuel Surcharge,165
Add'l Handling-Weight,163
US Inbound Processing Fee,159
Returns Print Label,159
This field is not yet available,144
Declared Value,142
Ground Hundredweight,138
13.000 %  HST,134
Canada GST,128
PICKUP,125
AIR FREIGHT,123
Add'l Handling-Packaging,122
Entry Prep Fee,122
CONTRACT MINIMUM REACHED MCADJ ADJ,122
PGA Disclaim Fee,118
Performance Pricing,118
Order Lane Charge,116
Returns Ground,114
DAS Extended Residential,111
DELIVERY,103
Chargeback Delivery Area Surcharge,100
Next Day Air Residential,95
BASE BASE RATE,95
DOCUMENT MANAGEMENT,95
Regularly Scheduled Pickup Mon-Fri,94
Express,93
Ground Residential Third Party,92
WAIT WAIT TIME @ TENDER,91
Sales Tax,91
Shipping Charge Correction 2nd Day Air,90
AIR IMPORT ENTRY,90
Service Charge,90
Shipping Charge Correction Additional Handling,90
2nd Day Air Commercial Third Party,87
Customs Duty,86
Weekend Charge,85
PGA FILING,85
FRT FREIGHT CHARGE 300.0000,82
SHIPPING CHARGE CORRECTION AUDIT FEE,82
Transportation Charges,80
TB Express,79
Retourzendingen Brandstof toeslag,78
Addl. Handling weight,77
Shipping Charge Correction Third Party Billing Service,75
TOLL TOLL CHARGES,74
Worldwide Saver,73
Duties,73
Next Day Air Hundredweight,73
Taxes,73
Print Return Label,69
Additional Handling,69
Retourzendingen 3 UPS Ophaalpogingen,67
Adrescorrectie TB Express Saver,66
Standard to Canada,63
QST,60
Wait Time (D),60
5.000 %  GST,59
International Processing Fee,58
Entry Line Charge,58
LIMITED ACCESS CHARGE FLAT,57
Duty Amount,57
Residentieel,53
CCS CALIFORNIA COMPLIANCE SURCHARGE,52
Ground Hundredweight Collect,50
DAS Remote Comm,47
Pre-Release Notification Surcharge,47
DLG DEST LIFTGATE HAND-UNLOAD,47
Rebill Fee,47
Customs Gst,46
Declared Value Charge,46
DOC,46
COMPLIANCE SURCHARGE FLAT,46
T/C,45
Pickup,45
Air Freight,45
AWB,45
W/C,45
Worldwide Expedited,45
DISCOUNT DISC 90.80%,45
IMPORT EXPORT DUTIES,44
Address Correction 2nd Day Air,44
,44
Administration fee duties/VAT,44
ODD ORIG DETENTION WITH POWER,44
Additional Handling - Length+Girth,43
Freight Charges,43
Dash Critical (Delta Airlines),42
Surge Emergency Fee - Com,42
AIRPORT TRANSFER,42
Delivery Cartage,42
FRT FREIGHT CHARGE 375.0000,41
Delivery,40
Cargo Screening/X-Ray,40
Toeslag afh. afgel. gebied-bestem.,40
Customs Clearance (AH/WK/H),40
Customs clearance,39
Next Day Air Commercial Collect,39
DUTY TAX PROCESSING-ACCOUNT,38
SECURITY FEE,38
Retourzendingen Pre-vrijgave bericht toeslag,38
PPS Critical (American Airlines),38
Early Surcharge,37
TERMINAL HDLG DEST,36
Document Processing Fee,35
TERMINAL CHARGES,35
HANDLING OUT,35
DGAC,35
Lifeguard Service (United Airlines),34
WAIT WAIT TIME,34
Residential Surcharge Adjustment,34
Address Correction Next Day Air,34
Fuel Surcharge Adjustment,34
Customs Clearance (USA/CA),33
ISS,33
Minimum Charge,33
Holiday,32
FreightCharge,32
Origin Documentation Fee,32
FREIGHT CHARGE,32
Chargeback Chargeback Surcharge,32
Freight,31
Pick & Hold Car,31
Attempt Car,31
REGULATORY CHARGES,31
Export Customs Clearance,31
LIFTGATE DELIVERY FLAT,30
International Freight,30
Shipping Charge Correction Demand Surcharge-Addl Handling,30
HANDLING IN,30
Residential On-Call Pickup Surcharge,28
INSPECTION FEE,28
Ground Undeliverable Return,28
Customs Clearance/Entry Fee,28
2nd Day Air Hundredweight,28
SMC MINIMUM ADJUSTMENT MCADJ ADJ,28
SCREENING,28
AIR AMS FEE,28
CFS CHARGES,28
Standard,28
Org. Administrative Handling,27
PGA LINES,27
Surge Fee - Addl Handling,27
Retourzendingen WW Express Saver,27
3 Day Select Undeliverable Return,27
2nd Day Air Residential,27
DESTINATION THC,27
DESTINATION TERMINAL,27
NON-CONVEYABLE PIECE - WEIGHT,26
WAIT WAIT TIME @ RECOVERY,26
BYPU PICKUP MILES ADDITIONAL 20.000 2.5000,26
Internationale verwerkingskosten,26
EXPORT CLEARANCE,26
CALIFORNIA COMPLIANCE SURCHARGE CCS,26
Additional Piece Fee,26
Next Day Air Early Commercial,26
Residential Adjustment,26
AHPD AFTER HOURS RECOVERY,26
FSC ADDER,26
Not Previously Billed Missing PLD Fee,25
Returns WW Express,25
DEST DELIVERY,25
Import duties,25
APPOINTMENT DELIVERY REQUESTED APPDR,24
Pick Up Cartage,24
Org. Cargo Screening,24
Shipping Charge Correction Additional Handling - Length+Girth,24
Returns International Processing Fee,24
Shipping Charge Correction Additional Handling - Cubic Volume,23
Additional Handling Charge - Packaging,23
AFS AIR FREIGHT SURCHARGE,23
FUEL-INDEX,23
Returns PGA Disclaim Fee,23
Call Tag,23
Other Government Agency Fee,23
Returns Surge Emergency Fee - Commercial,23
Original VAT,23
BYPU PICKUP MILES ADDITIONAL 8.000 2.5000,22
BYPU PICKUP MILES ADDITIONAL 13.000 2.5000,22
Destination Terminal Handling (DTHC),22
Worldwide Express Shipment,22
Retourzendingen Inklaringstoeslag,22
Retourzendingen Uitbetalingskosten,22
UPS WorldEase Duty and Tax Forwarding Surcharge,22
Toeslag groot pakket,22
Quebec PST,22
ADDITIONAL HTS,22
NEW YORK METRO CHARGE FLAT,22
Origin Terminal Handling Charge (THC),22
Handling Fee,21
WW Expedited,21
APT APPOINTMENT,21
All in rate,21
Additionele afhandelingskosten,21
Vervoer,21
Shipment value protection,21
Retourzendingen TB Standard,21
Remote Area Surcharge,21
AFS AIR FREIGHT SURCHARGE DELTA,21
Print Label,21
WAIT WAIT TIME @ PU,21
Retourzendingen Invoerrecht,20
ProvincialTax,20
Large Package Surcharge Comm - Length,20
Ground,20
Not Previously Billed Fuel Surcharge,19
Print Documents,19
IMPORT SERVICE FEE,19
Origin Charges Per Shipment,19
UPS WorldEase Residential Surcharge,19
Shipping Charge Correction Express,19
Laptop 21x16x5,19
CALIFORNIA COMPLIANCE SURCHARGE,19
Merchandise Processing Fee,19
WeightCharge,18
IMP/A TERMINAL HNDLG,18
PICK UP,18
WEEKLY PRINTER SERVICE FEE,18
Destination Charges Per Shipment,18
DISCOUNT DISC 91.20%,17
CALIFORNIA COMPLIANCE CHARGE,17
AIR AMS FEES,17
CFS HANDLING,17
BYPU PICKUP MILES ADDITIONAL 12.000 2.5000,17
Retourzendingen WW Standard,17
BYPU PICKUP MILES ADDITIONAL 42.000 2.5000,16
Large Package Surcharge - Length + Girth,16
ACMS FEE,16
Oversize Charge,16
Retourzendingen Label Print,16
Airway Bill (AWB) Fee,16
DAS HI Residential,16
AIRWAY BILL PREPARATION FEE,16
Shipping Charge Correction Next Day Air Early,15
EEI - Internet Request,15
British Columbia PST,15
FSC,15
FDA PROCESSING,15
Next Day Air Hundredweight Collect,15
Canada HST (ON),15
Electronic Export Information Fee,15
HST,15
PARK PARKING FEES,15
NOTIFICATION CHARGES FLAT,15
CUSTOMS BROKERAGE CHARGE - DEST,15
WW Saver,15
Not Previously Billed Shipping Correction Fee,14
STORAGE,14
Origin Transfer Fee,14
Airline Airfreight Surcharge,14
Origin Handling,14
DISCOUNT DISC 87.10%,14
BYPU PICKUP MILES ADDITIONAL 14.000 2.5000,14
Chargeback Next Day Air Commercial,14
Returns 2nd Day Air,14
ADMIN DOCS,14
FederalTax,14
AIR FREIGHT USD,14
FDA Clearance,13
International Processing,13
Surge Fee - Large Package,13
Next Day Air Saver Commercial,13
Shipping Charge Correction Surge Emergency Fee - Commercial,13
15.000 %  HST,13
Origin Handling Fee,13
ADDITIONAL CLASSIFICATIONS,13
Export Clearance,13
TERMINAL HANDLING CHARGE-ORIG,13
DAS Remote Residential,13
Retourzendingen Uitzonderlijke toeslag  Zakelijk,13
Clearance End-use Fee,13
Retourzendingen TB Express Saver,13
ELEVATED RISK,13
AIRPORT FEE,13
International Air Freight,12
SECURITY FEE E,12
INSIDE DELIVERY CHARGE MIN,12
HANDLING,12
DOCUMENT INTEGRITY,12
Next Day Air Saver Commercial Third Party,12
DEFICIT WEIGHT CHARGE *,12
CUSTOMS BROKERAGE CHARGE - ORIG,12
Value Added Tax,12
3 Day Select Commercial,12
AHS - Dimensions,12
Not Previously Billed Ground Commercial,12
REMOTE AREA DELIVERY,12
EXTENDED LIABILITY,12
Shipping Charge Correction 3 Day Select,12
Paper Commercial Invoice Surcharge,11
Shipping Charge Correction Standard,11
Destination Charges Per Kilo,11
CBI INSPECTION OF SHIPMENT FEE,11
Late Payment Fee,11
DISCOUNT DISC 92.80%,11
BYPU PICKUP MILES ADDITIONAL 2.000 2.5000,11
Toeslag voor papier handelsfacturen,11
ACTUATORS 70 120 MIN,11
Seasonal Surcharge,11
Shipping Charge Correction Next Day Air Saver,11
FRT FREIGHT CHARGE 525.0000,11
UNAUTHORIZED CBS PACKAGE CHRG,10
Peak Season Surcharge,10
CBR REWEIGH OF SHIPMENT FEE,10
Returns Next Day Air,10
FRT FREIGHT CHARGE 450.0000,10
CUSTOMS FEE,10
PI CKUP E,10
DISCOUNT DISC 92.10%,10
AXP DECLARATION,10
STRAIGHT TRUCK,10
Duty,10
Destination Handling,10
DET - CHARGE FOR DETENTION OF EQUIPMENT FLAT,10
NOTIFICATION / SUSPENSION OF SVC CHARGE FLAT,10
FRT FREIGHT CHARGES,10
ACTUATORS 70 200 MIN,9
Deficit Weight,9
CSA FEE 1.37,9
Residential,9
Reroute - Web Request,9
WW Express Saver Aanpassing,9
Al RPORT TRANSFER E,9
International Documents Preparation,9
BYPU PICKUP MILES ADDITIONAL 1.000 2.5000,9
FSC E,9
PARKING,9
DISCOUNT DISC 88.90%,9
ZONE ADJUSTMENT Ground,8
DMS GOVT AIRPORT MINE GAS OIL DLVRY,8
Expedited,8
Cancellation Fee,8
Cell Phone 10x5x3,8
DISCOUNT,8
PROCOMER FEE,8
AIRLINE PHARMA FEE,8
BYPU PICKUP MILES ADDITIONAL 23.000 2.5000,8
ADDL LINE FEE,8
ENTRY FEE,8
PACSU PACKING SUPPLIES,8
RECH PU AND HOLD,8
LIFTGATE DELIVERY CHARGE,8
Discount Allowed 85.00%,8
ACTUATORS 70 90 MIN,8
Worldwide Expedited Shipment,8
Uitzonderlijke toeslag  Zakelijk,8
ACTUATORS 70 180 MIN,8
Transport to port,8
FLAT,8
DC VA METRO CHARGE FLAT,8
CLEARANCE PROCESSING,8
Regularly Scheduled Pickup Sat,8
Dest. Administrative Handling,8
Next Day Air Commercial Third Party,8
AIR FREIGHT E,8
Worldwide Saver Shipment,8
Missing/Invalid Acct No.,8
Address Correction Express,7
Delivery Area Surcharge Adjustment,7
Same Day OC Pickup Mon-Fri (Online),7
DUTY TAX PAID,7
75.00% DISCOUNT,7
DAS AK Commercial,7
REMOTE AREA PICKUP,7
Dom. Express Saver,7
Express Saver,7
ADVANCE AT DESTINATION,7
Surge Emergency Fee - Residential,7
ACTUATORS 70 85 MIN,7
BONDED STORAGE,7
Destination Terminal Handling,7
BYPU PICKUP MILES ADDITIONAL 3.000 2.5000,7
Origin Dangerous Goods (DG) Handling Fee,7
BYPU PICKUP MILES ADDITIONAL 35.000 2.5000,7
CHASSIS,7
ITEM 116030 SUB : 4 MACHINES,7
WKND WEEKEND,7
Destination Terminal Handling Charges,7
Freight Charge,7
"Standard- Small, 13x9x11",7
IMPORT EXPORT TAXES,7
Wait Time,7
MERCHANDISE PROCESS,7
Out of Delivery Area Tier B,7
Customs Processing and Admin Fees,7
ACTUATORS 70 175 MIN,7
Discount Allowed 90.50%,7
Toeslag afgelegen gebied,7
3 Day Select Residential,7
ADMI N DOCS E,7
Discount Allowed 87.00%,7
Vrachtkosten,7
DISCOUNT DISC 88.20%,7
LIMITED ACCESS DELIVERY LAD,7
Add Stop Car,7
ACTUATORS 70 95 MIN,7
HIGH COST DELIVERY SURCHARGE HCDS,7
DISCOUNT DISC 92.70%,7
ADVANCE MANIFEST,6
Billing Adjustment for  W/E 07/11/2026,6
PERMITS & LICENCES,6
HMS US-CANADA BORDER CROSSING,6
ACTUATORS 70 240 MIN,6
DISCOUNT DISC 88.10%,6
Pickup Area Surcharge,6
DWD DEST DETENTION WITH POWER,6
ACTUATORS 70 170 MIN,6
Transport to Port,6
Metro,6
NEW YORK CITY METRO DELIVERY NYCMD,6
NMFC 051080-05 Faucets; Bibcocks; 70 105 MIN,6
Canada QST,6
ADDL INVOICE,6
Dest. Airport Fees,6
Next Day Air Saver Commercial Collect,6
WAITING TIME,6
TERMINAL CHARGE,6
AlRPORT TRANSFER,6
Shipping Charge Correction Large Package Surcharge - Length + Girth,6
ACTUATORS 70 190 MIN,6
Hazardous Material,6
Delivery Confirmation Signature,6
"Standard- Large, 20x20x12",6
AIRLINE PHARMA FEE E,6
BRANDSTOFTOESLAG,6
Road international (Export) -,6
Warehouse Fees,6
TERMINAL SERVICE CHARGE,6
CARGO SCREENING,6
Clearance Entry Fee,6
MILIEU BIJDRAGE,6
MANIFEST FEE,6
Chargeback Delivery Area Surcharge - Extended,6
Pick Up via Truck,5
NMFC 051080-05 Faucets; Bibcocks; 70 170 MIN,5
Additional Handling Charge-Non-stackable,5
ACTUATORS 70 181 MIN,5
EEI - Manual Request,5
SSC ORIG SINGLE SHIPMENT,5
DELIVERY CHARGE,5
ISF FEE,5
ACTUATORS 70 188 MIN,5
OCEAN IMPORT ENTRY,5
Address Correction 3 Day Select,5
ACTUATORS 70 185 MIN,5
RED DEST REDELIVERY M,5
ATPU ATTEMPTED PICKUP,5
FREIGHT,5
ACTUATORS 70 88 MIN,5
ACTUATORS 70 192 MIN,5
Airfreight charges 0,5
Next Day Air Early Commercial Collect,5
I SS E,5
PT OTHERS,5
NMFC 051080-05 70 160 MIN Faucets; Bibcocks;,5
HANDLING UNITS,5
ACTUATORS 70 315 MIN,5
PI CKUP,5
BYPU PICKUP MILES ADDITIONAL 21.000 2.5000,5
Custom Clearance Road International,5
Road transport 0,5
ACTUATORS 70 275 MIN,5
ACTUATORS 70 172 MIN,5
NMFC 051080-05 Faucets; Bibcocks; 70 175 MIN,5
TB Standard Undeliverable Return,5
Laptop 16x16x4,5
BYPU PICKUP MILES ADDITIONAL 5.000 2.5000,5
BYPU PICKUP MILES ADDITIONAL 10.000 2.5000,5
Security surcharge 0,5
DOCU LESS THAN 1 HOURS NOTICE,5
Inklaringstoeslag,5
OVERWEIGHT PIECE,5
Priority Alert,5
800 LESS DISCOUNT,5
Addl. Handling longest side,5
Origin Container Demurrage,5
Export Customs clearance,5
Dieseltoeslag ,5
Handling charges,5
Origin Terminal Handling,5
CUSTOMS CLEARANCE,5
Org. Terminal Handling,5
Returns Electronic Label,5
CFS HANDLING DEST,5
PACSU PACKING SUPPLIES DTW STORAGE,5
SUBTOTAL *** WEIGHT & CHARGE,5
Origin Charges Per Kilo,5
DISCOUNT DISC 91.30%,4
Not Provided,4
RECONSIGNMENT CHARGES AT DESTN RECD,4
DISCOUNT DISC 93.20%,4
2nd Day Air A.M. Commercial Third Party,4
REMOTE LOCATIONS SURCHARGE DESTN RMLOCD,4
Dieseltoeslag,4
RESIDENTIAL DELIVERY CHRG FLAT,4
ACTUATORS 70 132 MIN,4
ACTUATORS 70 198 MIN,4
Delivery via Truck,4
Detention,4
ACTUATORS 70 78 MIN,4
SS,4
Future Day Pickup - Web Request,4
Import Customs Clearance,4
Special Assessment Charge,4
Beyond Area PU,4
MIN FRT CHG,4
ACTUATORS 70 159 MIN,4
Rated As; Deficit Weight,4
INSIDE DELIVERY IDEL,4
RESTRICTED DESTINATION,4
ADMI N DOCS,4
NWCARBEA SURCHARGE MIN,4
HOUSE BILL FREIGHT,4
ACTUATORS 70 310 MIN,4
ACTUATORS 70 312 MIN,4
Handling,4
ACTUATORS 70 174 MIN,4
Origin Dangerous Goods (DG),4
Airline Transfer Fee ,4
ACTUATORS 70 187 MIN,4
ACTUATORS 70 270 MIN,4
SECURITY SURCHARGE,4
ACTUATORS 70 303 MIN,4
DELIVERY FSC,4
W&I COR FEE,4
Export Acceptance,4
SYMPHONY - VISIBILITY,4
DEMAND SURCHARGE TIER 2,4
Security Fees,4
Address Correction Worldwide Saver,4
Setup Clearance,4
ACTUATORS 70 203 MIN,4
ACTUATORS 70 227 MIN,4
ACTUATORS 70 246 MIN,4
TIME CRITICAL GTD - NOON,4
Road transport charges,4
Seafreight 40' high,4
Org. Terminal Handling-Forwarder,4
FRT FREIGHT CHARGE 600.0000,4
ACTUATORS 70 105 MIN,4
PLASTIC PARTS,4
Shipping Charge Correction Ground Undeliverable Return,4
ADMIN DOCS E,4
Shipping Charge Correction Large Package Surcharge Comm - Cubic Volume,4
TC PICKUP,4
ELECTRONIC EXPORT INFORMATION,4
Airline Transfer Fee 0,4
Next Day Air Early Commercial Third Party,4
Alternate Broker,4
Duty Tax Importer,4
BYPU PICKUP MILES ADDITIONAL 24.000 2.5000,4
ACTUATORS 70 234 MIN,4
ACTUATORS 70 340 MIN,4
Export Acceptance 0,4
ACTUATORS 70 191 MIN,4
Lift Gate Delivery,4
Not Previously Billed Saturday Delivery,4
Freight Insurance,4
ACTUATORS 70 147 MIN,4
ACTUATORS 70 128 MIN,4
UPS WorldEase Remote Area Surcharge,4
DISCOUNT DISC 89.60%,4
Shipping Charge Correction Express Saver,4
ACTUATORS 70 245 MIN,4
Shipping Charge Correction Addl. Handling weight,4
ACTUATORS 70 87 MIN,4
AFS AIR FREIGHT SURCHARGE AA,4
2nd Day Air A.M. Commercial,4
Next Day Air Saver Residential,4
DEFICIT WEIGHT CHARGE,4
DISCOUNT DISC 88;90%,4
IMPFEE IMPORT FEES,4
ACTUATORS 70 122 MIN,4
"Standard- Medium, 16x16x16",4
Road transport,3
ACTUATORS 70 258 MIN,3
Shipping Charge Correction 2nd Day Air A.M.,3
9.975 %  QST,3
DOCU LESS THAN 2 HOUR NOTICE,3
LOGISTICS XPO DISCOUNT SAVES YOU,3
NMFC 051080-05 70 175 MIN Faucets; Bibcocks;,3
Domestic Air Freight,3
ACTUATORS 70 189 MIN,3
Airfreight charges,3
ACTUATORS 70 295 MIN,3
1 PLT ACTUATORS 51080-5 CLASS 70 100 M,3
ACTUATORS 70 285 MIN,3
ACTUATORS 70 155 MIN,3
DLA DEST LIMITED ACCESS DELIVERY,3
ACTUATORS 70 243 MIN,3
ACTUATORS 70 211 MIN,3
ACTUATORS 70 287 MIN,3
ACTUATORS 70 177 MIN,3
Std 28x28x28 275 lb Double Wall Boxes,3
AIR FREI IGHT E,3
NMFC 051080-05 Faucets; Bibcocks; 70 100 MIN,3
ACTUATORS 70 305 MIN,3
MOBILITY PACKAGE,3
"Standard- Small, 12x12x18",3
ACTUATORS 70 124 MIN,3
HST on Disb/Ancillary Service Fees,3
Adrescorrectie TB Express,3
Btw,3
33.1% FUEL SURCHARGE,3
ACTUATORS 70 294 MIN,3
NMFC 051080-05 Faucets; Bibcocks; 70 95 MIN,3
ITEM 116030 SUB : 4 MACHINES SYSTEMS,3
Pharma check,3
DISCOUNT DISC 90;80%,3
STAMPED PARTS 70 1000 19.27,3
EPA Processing Fee,3
ACTUATORS 70 160 MIN,3
NMFC 051080-05 70 105 MIN Faucets; Bibcocks;,3
Chargeback 2nd Day Air Commercial,3
NYC TOLLING DISTRICT CHARGE FLAT,3
ACTUATORS,3
Storage,3
ACTUATORS 70 178 MIN,3
MISCELLANEOUS BILLING,3
ACTUATORS 70 193 MIN,3
ACTUATORS 70 225 MIN,3
GROSS FRT CHG,3
LESS DISCOUNT,3
ACTUATORS 70 247 MIN,3
Destination Transfer Fee,3
Pre-vrijgave bericht toeslag,3
CONSUMPTI ON TAX,3
REGULATORY FEE,3
WKND WEEKEND PU,3
Standard- Ground Brown Box,3
ACTUATORS 70 208 MIN,3
Handling charges ,3
Brokerage,3
Road transport ,3
Airfreight charges ,3
3 Day Select Commercial Collect,3
Import Customs Clearance Base Rate EUR,3
ACTUATORS 70 86 MIN,3
Mailr Smart 10.5x15,3
TERMINAL/HANDLING,3
Handling charges 0,3
Vrachtkosten ,3
EXPORT CUSTOMS CLEARANCE FEE,3
ACTUATORS 70 242 MIN,3
Full Container Freight (FCL),3
795 LESS DISCOUNT,3
ACTUATORS 70 224 MIN,3
BYPU PICKUP MILES ADDITIONAL 30.000 2.5000,3
ACTUATORS 70 319 MIN,3
Pharma check ,3
Dest. Terminal Handling-Forwarder - Greater of (Min,3
Environmental Fee,3
NMFC 051080-05 Faucets; Bibcocks; 70 190 MIN,3
Airline Handling,3
Pick Up/Collection,3
THC (Terminal Handling Charge) - Export,3
CHICAGO METRO CHARGE FLAT,3
Homeland Security Fee,3
Overlength Article,3
MARKING OR TAGGING CHRG AT DESTN TAGD,3
HANDLING UNITS 2 OF TYPE SKID,3
Discount Allowed 80.00%,3
Diesal Surcharge,3
Seafreight 40' High,3
Advance Fee,3
ADMIN.KOSTEN,3
NMFC 051080-05 Faucets; Bibcocks; 70 155 MIN,3
HANDLING UNITS 1,3
SPSH HOLIDAY,3
US EXPORT COMPLIANCE FEE,3
ACTUATORS 70 380 MIN,3
"NMFC 051080-05 Faucets, Bibcocks, 70 170 MIN",3
SED ELECTRONIC FILING OF PR SED DOC,3
"Standard- Small, 11x11x11",3
VPG VPG OCEAN BUNKR & PORT SECURTY CHRG,3
"Standard- Small, 12x9x6",3
ACTUATORS 70 83 MIN,3
ADDRESS CORRECTION,3
VPK DEST OCEAN CHARGE-NVOCC,3
Handling Fee (Air Export),3
Delivery Charge,3
AES / ACE Fee (Air),3
VPQ VPQ DEST P.R. DOCUMENT CHARGE,3
VPM DEST P.R. DELIVERY CHARGE,3
GROUND DELIVERY SERVICE GRD,3
Cargo Screening Fee,3
Pickup Charge,3
ACTUATORS 70 257 MIN,3
ACTUATORS 70 325 MIN,3
Corrected BOL Charge,3
"Standard- Large, 23x17x12",3
UPS WorldEase Surge Fee - Large Package,3
Pharma check 0,3
DST DEST STORAGE,3
Export Customs Clearance Fee,3
DRAYAGE/CARTAGE,3
Address Correction Expedited,3
ACTUATORS 70 110 MIN,3
UPS WorldEase Large Package Surcharge - Length + Girth,3
Large Package Surcharge Comm - Cubic Volume,3
"Standard- Medium, 17x17x7",3
Standard Shipment,3
Worldwide Expedited Third Party,3
UPS Carbon Offsets,3
CONSUMPTION TAX,3
NON-CONVEYABLE PIECE - IRREGULAR,3
NMFC 051080-05 70 90 MIN Faucets; Bibcocks;,3
ACTUATORS 70 210 MIN,3
Voor U doen laten vervoeren ,3
ACTUATORS 70 126 MIN,3
AI RPORT TRANSFER E,3
ACTUATORS 70 144 MIN,3
Ground Return to Sender,3
ATPU ATTEMPTED RECOVERY,3
Dest. Terminal Handling,3
Truck,3
ACTUATORS 70 323 MIN,3
Returns Addl. Handling weight,3
WAIT WAITING TIME @ RECOVERY,3
Extended Area Surcharge,3
REDELIVERY CHARGES RDEL,3
ACTUATORS 70 256 MIN,3
WAIT WAITING TIME @ PU,3
ACTUATORS 70 215 MIN,3
HAZARDOUS CARGO CHARGE HAZ,3
DRIVER DETENTION AT DEST DETND,3
ACTUATORS 70 346 MIN,3
ACTUATORS 70 74 MIN,3
ACTUATORS 70 250 MIN,3
ACTUATORS 70 135 MIN,3
Return To Sender - Web Request,3
NMFC 051080-05 70 110 MIN Faucets; Bibcocks;,3
DAS Resi,3
ACTUATORS 70 182 MIN,3
TERMINAL HANDLING CHARGE - DEST,3
Al RPORT TRANSFER,3
BEFORE HOURS PICK UP CHARGE,3
REUSABLE WOODEN CRATES 70 250 MIN,3
PAPERWORK FEE FLAT,3
TERMINAL TRANSFER ON AIRPORT,3
ACTUATORS 70 320 MIN,3
Dest. Airport Fees - Base Rate EUR 15;00,3
DEFICIT WT=LOWER CHARGES,3
Minumum Charge,3
ACTUATORS 70 235 MIN,2
INSTAPAK 156240 60 5196 6.85,2
ACTUATORS 70 214 MIN,2
ACTUATORS 70 80 MIN,2
NMFC 051080-05 70 95 MIN Faucets; Bibcocks; ...,2
ACTUATORS 70 217 MIN,2
Additional handling DIM,2
NMFC 051080-05 Faucets; Bibcocks; 70 355 MIN,2
Storage Fee,2
Import Electronic Seal FCL,2
*** SUM *** WEIGHT,2
Cayman Islands Stamp Duty,2
Dom. Rep. Customs User Fee,2
ACTUATORS 70 316 MIN,2
NMFC 051080-05 Faucets; Bibcocks; 70 270 MIN,2
NWCARB FLAT,2
NMFC 051080-05 Faucets; Bibcocks; 70 185 MIN,2
Destination Other Charges,2
1 PLT MISC CLASS 70 135 M,2
LIFTGATE REQUIRED @P/U FEE,2
ACTUATORS 70 119 MIN,2
ACTUATORS 70 274 MIN,2
ACTUATORS 70 153 MIN,2
REUSABLE WOODEN CRATES 70 500 MIN,2
CASTERS 1 SKID *FXF EZONE01/05/26 ILC 13108 BILLING REVISION,2
War Surcharge 0,2
DISCOUNT DISC 93;20%,2
NMFC 051080-05 70 180 MIN Faucets; Bibcocks;,2
DEMAND SURCHARGE TIER,2
NMFC 051080-05 70 165 MIN Faucets; Bibcocks; ...,2
Manitoba PST,2
WOODEN CRATES 70 250 MIN,2
Waiting time-Delivery,2
Not Previously Billed Delivery Area Surcharge - Extended,2
METAL STAMPINGS 50 1000 MIN,2
ACTUATORS 70 648 46.16,2
MACHINES; SYSTEMS OR DEVICES; DATA PROCESSING; OR COMPONENTS; PARTS OR PERIPHERALS THEREOF NMFC# 116030,2
WAIT WAIT TIME @ DELIVERY,2
NMFC 133300-05 MACHINERY; NOI; OR * 65 420 MIN,2
Shipping Charge Correction Ground Commercial UPS Delivery Intercept,2
PACSU PACKING SUPPLIES UN LABELS,2
ACTUATORS 70 131 MIN,2
SS E,2
ACTUATORS 70 296 MIN,2
ACTUATORS 70 171 MIN,2
ACTUATORS 70 233 MIN,2
AHS - Weight,2
ACTUATORS 70 186 MIN,2
Revalidation - Service Fee,2
ACTUATORS 70 207 MIN,2
International Air,2
P/U LIFTGATE FEE,2
ACTUATORS 70 255 MIN,2
RCD DEST RECONSIGNMENT,2
NMFC 051080-05 Faucets; Bibcocks; 70 335 MIN,2
Long Distance Surcharge,2
ACTUATORS 70 107 MIN,2
SPECIAL SERVICES (NO ADVANCES) AES,2
CROSS-BORDER ADMINISTRATIVE FEE CUAF,2
ACTUATORS 70 169 MIN,2
ACTUATORS 70 231 MIN,2
ACTUATORS 70 301 MIN,2
ACTUATORS 70 290 MIN,2
ACTUATORS 70 146 MIN,2
ACTUATORS 70 252 MIN,2
HST (ON) @ 13%,2
PROCESSING; OR COMPONENTS; PARTS OR R&L'S DISCOUNT SAVES YOU,2
RED DEST REDELIVERY,2
ACTUATORS 70 179 MIN,2
CIB CUSTOMS INBOND U.S. M,2
Security Surcharge Greater of (Min Rate EUR 0;10;,2
AFS AIR FREIGHT SURCHARGE 2.000 27.0100,2
ACTUATORS 70 125 MIN,2
INSPECTION FEE INSP,2
ACTUATORS 70 118 MIN,2
1 PLT MISC CLASS 70 180 M,2
Discount Allowed 81.00%,2
California Compliance Surcharge,2
Org. Cargo Screening 0;10/KG,2
Dom. Express Saver Aanpassing,2
CUSTOMS BROKERAGE CHARGE,2
NMFC 051080-05 70 120 MIN Faucets; Bibcocks;,2
ADDITIONAL INVOICES,2
OLA ORIG LIMITED ACCESS PICKUP M,2
ACTUATORS 70 123 MIN,2
STORAGE PAID ON BEHALF,2
ACTUATORS 70 138 MIN,2
ACTUATORS 70 278 MIN,2
ACTUATORS 70 71 MIN,2
Appointment Delivery,2
NMFC 051080-05 Faucets; Bibcocks; 70 165 MIN,2
ACTUATORS 70 221 MIN,2
METAL STAMPINGS 50 700 MIN,2
Frg 28x28x28 275 lb Double Wall Boxes,2
Handling charges cold chain 2-8 0,2
ACTUATORS 70 1895 17.60,2
Dicount,2
YARD STORAGE,2
VGM FEE,2
OCEAN FREIGHT,2
DEFICIT WGT. CHARGE 70 105 17.60,2
Security surcharge ,2
Returns FDA Clearance,2
Border Security Charge,2
DISCOUNT DISC 87.60%,2
FORWARDING FEES/DOCUMENTATION,2
ACTUATORS 70 108 MIN,2
Kosten service klantoplossing,2
ITEM 116030 SUB : 7 ELECTRONIC,2
NMFC 133300-03 OR * 125 244 MIN MACHINERY; NOI;,2
10.00% DISC,2
Airline Transfer Fee,2
ACTUATORS 70 248 MIN,2
Security surcharge,2
DISCOUNT DISC 94.40%,2
FRT FREIGHT CHARGE 24.000,2
DC DELIVERY SURCHARGE DCDEL,2
Additional Handling Charge - Weight,2
Broker Document Transfer Fee,2
ACTUATORS 70 281 MIN,2
CBL BILL OF LADING CORRECTION,2
Road international (Export),2
AMS Fee,2
ACTUATORS 70 265 MIN,2
ACTUATORS 70 157 MIN,2
VGM/SOLAS Fee,2
CALIFORNIA COMPLIANCE CHARGE ,2
DID DEST INSIDE DELIVERY,2
NMFC 051080-05 70 160 MIN Faucets; Bibcocks; ...,2
ACTUATORS 70 302 MIN,2
ACTUATORS 70 236 MIN,2
CORRECTED BILL OF LADING CHARGE,2
ACTUATORS 70 115 MIN,2
Returns 3 UPS Pickup Attempts,2
ACTUATORS 70 195 MIN,2
"Standard- Large, 20x20x20",2
STAMPED PARTS 70 2000 16.18,2
33.9% FUEL SURCHARGE,2
AI RPORT TRANSFER,2
Food and Drug Administration Clearance,2
CHANGE IN PAYMENT TERMS-PAYOR-SFB CHGIP,2
WEIGHT VALIDATION FEE,2
DISC AMT/MIN CHG FLR APPL,2
Same Day Pickup - Web Request,2
FRT FREIGHT CHARGE 1.000 110.0000,2
ACTUATORS 70 407 MIN,2
DISCOUNT DISC 92.60%,2
DISCOUNT DISC 90.20%,2
Out of Pickup Area Tier B,2
GST on Disb/Ancillary Service Fees,2
ACTUATORS 70 365 MIN,2
ACTUATORS 70 244 MIN,2
ACTUATORS 70 93 MIN,2
Returns / Undeliverables,2
NMFC 051080-05 70 155 MIN Faucets; Bibcocks;,2
CL60 60 715 26.74,2
ACTUATORS 70 101 MIN,2
NMFC 051080-05 Faucets; Bibcocks; 70 180 MIN,2
Wait Time DL,2
Tijdlevering,2
Individual Formal Entry,2
ACTUATORS 70 220 MIN,2
FLAT LIMITED ACCESS CHARGE,2
ACTUATORS 70 109 MIN,2
Chargeback Additional Handling - Length+Girth,2
HOME PICKUP CHARGE,2
Customer Solution Service Fee,2
ACTUATORS 70 158 MIN,2
ACTUATORS 70 129 MIN,2
ACTUATORS 70 249 MIN,2
ACTUATORS 70 216 MIN,2
ACTUATORS 70 202 MIN,2
ACTUATORS 70 300 MIN,2
TERMINAL HANDLING SECURITY FEE,2
Billing Adjustment for  W/E 07/18/2026,2
Shipping Charge Correction Expedited,2
"NMFC 051080-05 Faucets, Bibcocks, 70 160 MIN",2
Origin Container Drayage,2
05.30% DISC,2
ACTUATORS 70 260 MIN,2
Cargo Insurance,2
ACTUATORS 70 317 MIN,2
NMFC 051080-05 Faucets; Bibcocks; 70 90 MIN,2
ACTUATORS 70 143 MIN,2
Same Day OC Pickup Mon-Fri (CS),2
Metro 1 Each $10.00,2
Origin Charges,2
DISCOUNT DISC 90.40%,2
W&I FEE 1 Each $13.50,2
Handling/Handoven Fee - Import,2
Dry Ice,2
NMFC 051080-05 Faucets; Bibcocks; 70 160 MIN,2
Third Party Billing Service Adjustment,2
DSV Protect,2
Handling Import,2
Handling - Export,2
Export Customs Clearance Charges - Export clearance EUR 35 for one HS code;,2
AWB (Air waybill),2
Airport Transfer,2
ACTUATORS 70 241 MIN,2
Export Acceptance ,2
Manifest AMS (Automated System),2
WKND WEEKEND DEL,2
Toll charge,2
HANDLING CHARGE- TAX -,2
Customs Clearance,2
Customs,2
GASTOS SUPLIDOS ADUANA,2
TRUCKING FEE,2
H0 Delivery,2
DESTINATION,2
ACTUATORS 70 205 MIN,2
LEGES,2
VAT on Disbursement Fee,2
ACTUATORS 70 280 MIN,2
"Fragile- Large, 23x17x12",2
Customs Clearance Fee,2
Returns Additional Handling Charge,2
DISCOUNT DISC 94;50%,2
DISCOUNT DISC 90.50%,2
Returns Surge Emergency Fee - Com,2
ACTUATORS 70 150 MIN,2
AIRPORT TAX & HANDL. USD,2
SWISS CUSTOMS FORM,2
MEDICAL SUPPLIES,2
FREE DOMICILE CHARGE,2
CORRUGATED BOXES,2
GUARANTEED,2
ACTUATORS 70 142 MIN,2
DDP/DDU SERVICE FEE,2
BYPU PICKUP MILES ADDITIONAL 11.000 2.5000,2
ACTUATORS 70 288 MIN,2
BORDER SECURITY SURCHARGE,2
CUSTOMS OR TRANS-BORDER FEE,2
CVO ,2
"Rated As, Deficit Weight",2
NMFC 051080-05 Faucets; Bibcocks; 70 120 MIN,2
VGM PROCESSING FEE,2
NMFC 051080-05 Faucets; Bibcocks; 70 85 MIN,2
Import Duties,2
NO SHIPMENT TENDERED,2
NOTIFY CHARGE,2
NMFC 051080-05 70 180 MIN Faucets; Bibcocks; ...,2
BYPU PICKUP MILES ADDITIONAL 22.000 2.5000,2
RSD DEST RESIDENTIAL DELIVERY,2
CL60 60 416 26.74,2
Insured Value/Bond Amount,2
PRINTED MATERIAL,2
ZONE ADJUSTMENT Fuel Surcharge,2
ACTUATORS 70 156 MIN,2
OVER DIM - 264 IN,2
GST Singapore,2
ACTUATORS 70 306 MIN,2
NMFC 051080-05 70 205 MIN Faucets; Bibcocks;,2
ACTUATORS 70 75 MIN,2
Pick Up via Truck 1 Shipment,2
013400 CLOSE OF BUSINESS DELV,2
DieseltoeslagÂ ,2
VRACHTKOSTEN,2
GUARANTEED BY 5PM 005001|010000 FLAT,2
NMFC 156240-00 Liquid; NOI; other 60 5196 6.85,2
ACTUATORS 70 327 MIN,2
DISCOUNT DISC 88;10%,2
10.40% DISC,2
ACTUATORS 70 145 MIN,2
DOCU LESS THAN 2 HOURS NOTICE,2
NMFC 051080-05 70 MIN Faucets; Bibcocks; 90,2
EUR,2
Shipping Charge Correction Express Early,2
BILL OF LADING,2
ACTUATORS 70 206 MIN,2
Ground Commercial UPS Delivery Intercept,2
Not Previously Billed Delivery Area Surcharge,2
Shipping Charge Correction Worldwide Saver,2
LIFTGATE CHARGE,2
Accessorials,2
ACTUATORS 70 259 MIN,2
Express Early,2
ACTUATORS 70 264 MIN,2
ACTUATORS 70 304 MIN,2
ACTUATORS 70 212 MIN,2
D/O FEE,2
Retourzendingen Brokerage Fees,2
BORDER BROKERAGE,2
ACTUATORS 70 291 MIN,2
Retourzendingen Additionele afhandelingskosten,2
Adrescorrectie WW Express,2
OTHER COMMERCIAL LIMITED ACCESS DEL,2
DELMARVA PENINSULA ARBITRARY FLAT,2
Returns Declared Value,2
HANDLI NG CHARGE-TAX -,2
NMFC 051080-05 Faucets; Bibcocks; 70 150 MIN,1
ACTUATORS 70 350 54.32,1
MACHINE EQUIPMENT,1
ACTUATORS 70 580 32.93,1
AS WEIGHT 500 595.25,1
1 PLT ACTUATORS 51080-5 CLASS 70 615 386.80,1
Hawaii Ocean Fuel Surcharge,1
NMFC 051080-05 Faucets; Bibcocks; 70 128 MIN,1
Warehouse Storage,1
ACTUATORS 70 1241 29.25,1
DEFICIT WGT. CHARGE 70 96 25.67,1
NMFC 051080-05 Faucets; Bibcocks; 70 404 25.67,1
ACTUATORS 70 529 39.96,1
*** SUM *** WEIGHT & CHARGE,1
CALIFORNIA COMPLIANCE CHARGEÂ ,1
GAS MEASUREMENT,1
ACTUATORS 70 2575 31.41,1
ACTUATORS 70 403 41.91,1
NMFC 051080-05 Faucets; Bibcocks; 70 3881 34.22,1
NMFC 051080-05 Faucets; Bibcocks; 70 129 MIN,1
ACTUATORS 70 2761 31.21,1
ACTUATORS 70 575 58.00,1
NMFC 051080-05 Faucets; Bibcocks; 70 660 56.83,1
ACTUATORS 70 488 MIN,1
RECONSIGNMENT CHARGES FLAT,1
ACTUATORS 70 161 MIN,1
ACTUATOR 70 86 MIN,1
ACTUATORS 70 924 21.87,1
ACTUATORS 92.5 314 MIN,1
NMFC 051080-05 Faucets; Bibcocks; 70 298 MIN,1
PRINTED LABELS 55 549 23.23,1
DEFICIT WGT. CHARGE 70 76 21.87,1
ACTUATORS 70 148 MIN,1
ACTUATORS 70 1050 48.37,1
ACTUATORS 70 405 54.32,1
WHW WHW HAWAII DEST. WHARFAGE CHARGE,1
ACTUATORS 70 1166 24.37,1
ACTUATORS 70 969 27.76,1
CASCADES CONTAINERBOARD,1
Freight ,1
DEFICIT WGT. CHARGE 70 31 27.76,1
ACTUATORS 70 1130 27.83,1
IT116030 MACHINES,1
ACTUATORS 70 357 MIN,1
ACTUATORS 92.5 390 MIN,1
ITEM 116030 SUB : 7 ELECTRONIC TELCO SWITC60,1
ACTUATORS 70 2857 19.97,1
ACTUATORS 70 389 49.39,1
1 PLT MISC CLASS 70 95 M,1
ACTUATORS 70 732 33.68,1
NMFC 051080-05 Faucets; Bibcocks; 70 377 32.51,1
* NMFC 133300-03 MACHINERY; NOI; OR 125 281 MIN,1
CUstoms Services,1
NMFC 051080-05 70 132 MIN Faucets; Bibcocks; ...,1
1 PLT MISC CLASS 70 544 715.65,1
ACTUATORS 70 350 MIN,1
Delivery ,1
DEFICIT DEF114 11505,1
ACTUATORS 100 224 MIN,1
TONU,1
Fuel Surcharge added at 18.50%,1
ACTUATORS 70 570 36.82,1
NMFC 051080-05 70 213 MIN Faucets; Bibcocks; ...,1
RD2 DEST REDELIVERY ATTEMPT 2 M,1
ACTUATORS 70 3860 28.29,1
ACTUATORS 70 1085 38.23,1
PIECE STEEL EXPANSION TANK OTHER THAN BOX 150.0 1;352 147.69,1
STC 16BX 70 324 MIN,1
Gears-Motors Parts 77.5 196 MIN or therof; NOI;,1
PARTS 70 2000 16.18,1
CL50 50 380 MIN,1
ACTUATORS 125 140 MIN,1
MEDICAL DEVICES CLASS 175.0 48.0 X 42.0 X 62.0 (EX175) 408 EX175 77040,1
Dedicated transport,1
DUTY TAX PROCESSING,1
OVERLENGTH,1
ECT EMPTY RETUN SLOT,1
ECT PICK UP SLOT,1
TRUCK CONGESTION,1
ACTUATORS 125 242 MIN,1
DELI VERY,1
TERMINAL HANDLING,1
DELIVERY ORDER FEE,1
ACTUATORS 70 5596 17.05,1
PORT CHARGE,1
ISPS + EQUIP. INSP.,1
NMFC 051080-05 70 245 MIN Faucets; Bibcocks; ...,1
EU ETS SURCHARGE,1
0002199408 SHPR# ACTUATORS,1
IMPORT CLEARANCE,1
TIME CRITICAL GTD LTL STD,1
NMFC 133300-03 125 454 35.62,1
SECURED LOCATIONS FEE,1
CL60 60 995 26.74,1
ACTUATORS 70 474 MIN,1
WTH WTH HAWAII DEST TERMINAL HANDLING,1
ACTUATORS 100 550 MIN,1
ACTUATORS 70 1608 36.35,1
ACTUATORS 70 371 MIN,1
Security Surcharge ,1
Import Customs Clearance ,1
1 PLT ACTUATORS 51080-5 CLASS 70 305 312.58,1
WHD HAWAII PICK-UP/DELIVERY CHARGE,1
EXTRASTOP,1
NMFC 051080-05 Faucets; Bibcocks; 70 444 MIN,1
ACTUATORS 70 379 MIN,1
ACTUATORS 70 363 MIN,1
CORRECTIONAL INSTITUTIONS FLAT,1
NMFC 051080-05 70 132 MIN Faucets; Bibcocks;,1
WHO HAWAII OCEAN CHARGE,1
NMFC 133300-04 85 592 31.83,1
NMFC 051080-05 70 185 MIN Faucets; Bibcocks; ...,1
DEFICIT WGT. CHARGE 60 5 26.74,1
DISCOUNT DISC 88;20%,1
DEFICIT WGT. CHARGE 70 73 42.10,1
NMFC 051080-05 70 427 42.10 Faucets; Bibcocks;,1
ACTUATORS 125 320 MIN,1
ACTUATORS 125 244 MIN,1
RAW CASTINGS 50 332 MIN,1
DEFICIT WGT. CHARGE 125 46 35.62,1
BORDER PROCESSING SERVICE CHARGE,1
NMFC 133300-03 125 90 MIN,1
CL50 50 156 MIN,1
ACTUATORS 100 178 MIN,1
CUSTOMS SUFFERANCE WHSE CHARGE,1
DEFICIT DEF130 110322,1
TRANSPORTATION COORD USD,1
HARDWARE 60 2996 22.31,1
ACTUATORS 125 269 MIN,1
STC 13 BXS 70 255 MIN,1
ACTUATORS 70 1230 48.37,1
ACTUATORS 70 226 MIN,1
IT-62070-1 CL70 1@32X24X191@32X24X13 70 746 29.65,1
MEDICAL DEVICES CLASS 125.0 48.0 X 40.0 X 42.0 (EX175) 181 EX175 32607,1
HARDWARE 100 350 30.08,1
STC 1 PC 65 1255 34.41,1
CONSTRUCTION SITE DELIVERY FLAT,1
NMFC 051080-05 Faucets; Bibcocks; 70 240 MIN,1
ACTUATORS 70 500 MIN,1
DRIVER TO CALL B4 DELIVERY FLAT,1
ASSEMBLED IT-62070-1 CL70 40X24X28 70 328 29.65,1
HARDWARE 65 230 25.13,1
IT-62070-1 CL70 32X24X13 70 351 37.20,1
ACTUATORS 70 345 MIN,1
CL70 32X24X15 70 190 37.20,1
HARDWARE 60 1020 25.13,1
ACTUATORS 70 1625 34.77,1
Customers Services,1
ACTUATORS 70 619 41.64,1
1 PLT BATTERIES; NON-HM 60680-2 CLASS 65 FAK 55 475 41.11,1
70 FAK 55 1;051 26.17,1
ACTUATORS 70 898 MIN,1
ACTUATORS 70 502 41.64,1
HARDWARE 65 400 30.08,1
DISC DISCOUNT 87.10%,1
HARDWARE 60 945 25.13,1
ACTUATORS 70 267 MIN,1
ACTUATORS 70 2701 21.98,1
(EX175) 135 EX175 21592,1
DELIVERY ,1
ACTUATOR 70 105 MIN,1
ACTUATORS 70 2119 24.97,1
ACTUATORS 70 2031 25.31,1
ACTUATORS 70 494 MIN,1
ACTUATORS 70 369 MIN,1
PRE-MANIFEST FEE,1
ACTUATORS 70 697 18.33,1
EIR & SEAL FEE,1
TERMINAL HANDLING CH,1
NMFC 051080-05 70 320 MIN Faucets; Bibcocks;,1
DEFICIT WGT. CHARGE 60 55 25.13,1
TELEX RELEASE FEE,1
HBL + HANDLING,1
BOOKING FEE,1
HOUSE BILL FREIGHT USD,1
ACTUATORS 70 561 57.58,1
H: 30 IN 156600-3 CLASS 250 FAK 150 128 71.37,1
DEFICIT WGT. CHARGE 60 89 23.51,1
NMFC 051080-05 70 520 MIN Faucets; Bibcocks;,1
NMFC 051080-05 Faucets; Bibcocks; 70 73 MIN,1
DEFICIT WGT. CHARGE 70 21 24.24,1
NMFC 051080-05 70 86 MIN Faucets; Bibcocks;,1
ACTUATORS 70 361 MIN,1
VALVES 70 260 MIN,1
NMFC 051080-05 70 510 28.47 Faucets; Bibcocks;,1
NMFC 029785-03 250 285 42.13,1
NMFC 051080-05 70 269 MIN Faucets; Bibcocks;,1
NMFC 095190-03 NOI * 250 500 MIN HARDWARE;,1
ACTUATORS 70 346 54.32,1
NMFC 051080-05 70 95 MIN Faucets; Bibcocks;,1
CRT VALVES I&S OR NP IT-51080-7 60 1911 23.51,1
ACTUATORS 70 103 MIN,1
ACTUATORS 70 293 MIN,1
CL60 60 1055 22.34,1
ACTUATORS 70 357 35.50,1
CL60 60 197 22.34,1
CL60 60 1055 22;34,1
CL60 60 695 33.56,1
NMFC 051080- 70 282 MIN Faucets; Bibcocks;,1
STC 22 BXS 70 391 MIN,1
ACTUATORS 70 479 24.24,1
Ground Commercial UPS Delivery Intercept Third Party,1
ACTUATORS 70 480 28.66,1
ACTUATORS 70 749 38.49,1
32.8% FUEL SURCHARGE,1
AS WEIGHT 5;000 12.08,1
HARDWARE 65 1460 17.70,1
HARDWARE 70 370 17.70,1
NMFC 029785-03 250 175 MIN,1
REUSABLE WOODEN CRATES 125 250 MIN,1
HARDWARE 100 525 17.70,1
HARDWARE 55 600 17.70,1
HARDWARE 50 775 17.70,1
HARDWARE 60 1060 17.70,1
Not Previously Billed 2nd Day Air Commercial,1
HARDWARE 55 561 17.70,1
DEFICIT WGT. CHARGE 70 20 28.66,1
HVAC COMPONENTS/VALVE ASSEMBLY 70 585 21.71,1
Not Previously Billed Delivery Confirmation Signature - Commercial,1
NMFC 051080-05 Faucets; Bibcocks; 70 229 MIN,1
HALF SIZED PLASTIC SKIDS 100 355 MIN,1
NMFC 051080-05 70 402 MIN Faucets; Bibcocks;,1
ACTUATORS 125 122 MIN,1
(EX175) 435 EX175 21592,1
NMFC 051080-05 70 5413 31.77 Faucets; Bibcocks; ...,1
* NMFC 133300-02 MACHINERY; NOI; OR 250 210 MIN,1
DEFICIT WGT. CHARGE 70 298 40.67,1
ACTUATORS 70 624 33.17,1
ACTUATORS 70 197 MIN,1
Reweigh,1
ACTUATORS 70 566 44.60,1
ACTUATORS 70 184 MIN,1
ACTUATORS 70 440 50.04,1
Reclass,1
STC 22BX 70 428 40.81,1
ACTUATORS 70 1702 40.67,1
ACTUATORS 70 1214 34.77,1
0056300 DISC AMT/MIN CHG FLR APPL,1
ACTUATOR 70 175 MIN,1
NMFC 051080-05 70 724 30.39 Faucets; Bibcocks;,1
FRT FREIGHT CHARGE 1115.0000,1
PALLET CHARGEABLE WEIGHT 100 44 29.04,1
NMFC 013120-06 100 535 29.04,1
HANDLING CHARGE-TAX -,1
REUSABLE WOODEN CRATES 70 750 30.74,1
NMFC 051080-05 Faucets; Bibcocks; 70 256 MIN,1
GPS Navigation seal charge,1
ACTUATORS 70 934 38.56,1
DEFICIT WGT. CHARGE 70 66 38.56,1
DEFICIT WGT. CHARGE 70 170 14.95,1
ACTUATORS 70 830 14.95,1
ASSEMBLED 40X24X28 IT-62070-1 CL70 70 555 35.93,1
ACTUATORS 70 3265 31.91,1
ACTUATORS 70 2255 24.97,1
NMFC 051080-05 Faucets; Bibcocks; 70 295 MIN,1
ACTUATORS 70 1198 20.83,1
ACTUATORS 70 401 MIN,1
ACTUATORS 70 428 24.94,1
ACTUATORS 70 7727 31.77,1
DEFICIT WGT. CHARGE 70 72 24.94,1
Address Correction Standard,1
NMFC 051080-05 Faucets; Bibcocks; 70 369 33.43,1
ACTUATORS 92.5 162 MIN,1
ACTUATORS 70 167 MIN,1
ACTUATORS 70 262 MIN,1
Pick Up via Truck ,1
DEFICIT WGT. CHARGE 70 59 24.70,1
ACTUATORS 70 941 24.70,1
ACTUATOR 70 90 MIN,1
ACTUATORS 70 825 42.10,1
ACTUATORS 70 2038 17.60,1
NMFC 051080-05 Faucets; Bibcocks; 70 655 29.68,1
BYPU PICKUP MILES ADDITIONAL 7.000 2.5000,1
ACTUATORS 70 504 MIN,1
STORAGE CHARGES STGC,1
DEFICIT WGT. CHARGE 70 204 30.85,1
ACTUATORS 70 1796 30.85,1
DISCOUNT DISC 87;10%,1
ACTUATORS 70 1320 34.77,1
(EX175) 96 EX175 90538,1
ZONE ADJUSTMENT 2nd Day Air,1
NMFC 133300-03 OR * 125 103 MIN MACHINERY; NOI;,1
NMFC 051080-05 70 560 34.07 Faucets; Bibcocks;,1
ACTUATORS 70 483 MIN,1
ACTUATORS 70 2010 17.60,1
PALLET WEIGHT CL50 60 300 FLAT,1
78.00% DISC FLAT,1
ITEM 056590-04 (CL175) CLASS 175.0 48.0 X 42.0 X 52.0 (EX175) 293 EX175 57337,1
DEFICIT WGHT 50 320 FLAT,1
(EX175) 227 EX175 71316,1
ACTUATORS 70 97 MIN,1
SKD MEDICAL DEVICES CLASS 175.0 48.0 X 40.0 X 43.0 271 81785,1
CRT VALVES I&S OR NP IT-51080-7 60 4380 FLAT,1
ACTUATORS 70 11235 28.81,1
ACTUATORS 70 1044 38.56,1
NMFC 051080-05 70 250 MIN Faucets; Bibcocks; ...,1
MEDICAL DEVICES NMFC 056590 CLASS 100.0 48.0 X 40.0 X 27.0 122 32391,1
NMFC 051080-05 70 1455 27.83 Faucets; Bibcocks;,1
WAIT WAIT TIME PU/TENDER,1
FRT FREIGHT CHARGE 3300.0000,1
ACTUATORS 70 92 MIN,1
ITEM 056590-03 (CL250) CLASS 250.0 48.0 X 40.0 X 24.0 (EX175) 79 EX175 54826,1
DEFICIT WGT. CHARGE 70 40 23.58,1
ACTUATORS 70 498 48.74,1
ACTUATOR 70 960 23.58,1
DEFICIT WGT. CHARGE 70 72 38.45,1
ACTUATORS 70 428 38.45,1
VALVES 70 285 MIN,1
DEFICIT WGT. CHARGE 70 2 48.74,1
DEFICIT WGT. CHARGE 70 150 21.25,1
ACTUATORS 70 850 21.25,1
NMFC 051080-05 Faucets; Bibcocks; 70 1025 21.87,1
5.79 LBS PER PKG 125 810 22.82,1
7.50 LBS PER PKG 175 1200 26.76,1
NMFC 051080-05 Faucets; Bibcocks; 70 115 MIN,1
CHARGEABLE PALLET WEIGHT 60 110 24.26,1
ALUM CASTINGS STC 71 PKGS 60 1270 24.26,1
SERVICE RETURN TO WAREHOUSE,1
Toll (distance based) ,1
ACTUATORS 70 699 26.95,1
ACTUATORS 70 700 36.72,1
DWD DEST DETENTION WITH POWER M,1
DISPUTE WON- PER KRISTEN,1
LIMITED ACCESS,1
HOUSE/RESIDENTIAL DELIVERY FEE,1
REMOTE TABLE M,1
CANADIAN BORDER PROCESSING FEE,1
DEFICIT WGT ADDED TO RATE AS 5;000 949 73.03,1
PALLET PLASTIC ARTICLES - DENSITY 6 BUT LE 125.0 223 73.03,1
DEFICIT WGT ADDED TO RATE AS 1;000 6 114.39,1
DEFICIT WGT. CHARGE 70 182 17.59,1
ACTUATORS 70 818 17.59,1
ACTUATORS 70 633 34.29,1
ACTUATORS 70 323 49.39,1
ACTUATORS 70 570 MIN,1
ACTUATORS 70 1261 14.95,1
RESIDENTIAL PICKUP CHARGE,1
DEFICIT WGT. CHARGE 250 40 46.46,1
* NMFC 133300-02 MACHINERY; NOI; OR 250 460 46.46,1
ACTUATORS 70 2764 31.21,1
DEFICIT WGT. CHARGE 70 12 29.55,1
ACTUATORS 70 488 29.55,1
NMFC 051080-05 70 150 MIN Faucets; Bibcocks;,1
DEFICIT WGT. CHARGE 70 9 35.16,1
ACTUATORS 70 991 35.16,1
ACTUATORS 70 350 49.53,1
* NMFC 133300-03 MACHINERY; NOI; OR 125 1655 34.77,1
ACTUATORS 70 537 46.16,1
ACTUATORS 70 286 MIN,1
NMFC 133300-03 125 5192 26.23,1
DEFICIT WGT. CHARGE 70 55 16.18,1
Next Day Air Early Residential,1
China VAT - Duty/Tax,1
RAW CASTINGS 50 330 MIN,1
WAIT WAITING TIME @ TENDER,1
DEFICIT DEF50 66803,1
MINIMUM REACHED CONTRACT MCADJ ADJ,1
056590-04 (CL175) CLASS 175.0 (EX175) 144 EX175 77040,1
DEFICIT DEF32 32607,1
ITEM 056590-05 (CL125) CLASS 125.0 (EX175) 226 EX175 62092,1
056590-04 (CL175) CLASS 175.0 (EX175) 392 EX175 84337,1
MCADJ ADJ CONTRACT MINIMUM REACHED,1
DEFICIT DEF93 62092,1
DRIVER DETENTION AT ORIGIN DETNO,1
STORAGE CHARGES DESTINATION STGD 6000,1
FRT AIR FREIGHT 1.000 117.0000,1
WAIT WAIT TIME RECOVERY,1
WTAH AFTER HOURS RECOVERY,1
FRT AIR FREIGHT 1.000 2240.0000,1
BEYD DELIVERY MILES ADDITONAL,1
Mexico IVA Freight,1
BASE BASE RATE AMEXJFK,1
ELS Excess Ln 120.0X00.00X00.00,1
OST ORIG STORAGE,1
FRT FREIGHT CHARGES X2 pcs,1
HIGH COST SERVICE AREA - CHICAGO,1
AFS AIR FREIGHT SURCHARGE WN,1
DAS Hawaii Resi,1
Discount 1 Each -$16;369.06,1
COR BOL,1
MailrRyc 8.25x11 1Ct,1
Standard-Large Slick Mailer,1
Filler Only Pkg SM,1
"Standard- Large, 24x24x24",1
DAS AK Residential,1
PARTS 70 1945 16.18,1
CASTINGS 60 3506 21.51,1
Pallet 1/1 US/CA uses only 100 381 55025,1
ACTUATORS 70 2144 23.20,1
DEFICIT WGT. CHARGE 70 30 27.63,1
NMFC 051080-05 70 470 27.63 Faucets; Bibcocks; ...,1
ACTUATORS 70 1140 48.37,1
ACTUATORS 70 1500 21.87,1
ACTUATORS 70 581 24.94,1
NMFC 051080-05 70 745 43.06 Faucets; Bibcocks;,1
NMFC 133300-03 OR * 125 190 MIN MACHINERY; NOI;,1
ACTUATORS 70 328 MIN,1
ACTUATORS 70 1006 17.60,1
NMFC 051080-05 Faucets; Bibcocks; 70 1000 16.79,1
ACTUATORS 70 238 MIN,1
* NMFC 133300-02 MACHINERY; NOI; OR 250 380 48.16,1
ACTUATORS 70 1065 28.78,1
ACTUATORS 70 1530 32.14,1
NMFC 133300-02 250 94 MIN,1
ACTUATORS 70 620 20.71,1
* NMFC 133300-02 MACHINERY; NOI; OR 250 292 MIN,1
ACTUATORS 70 1410 18.14,1
ACTUATORS 70 778 49.35,1
ACTUATORS 70 168 MIN,1
ACTUATORS 70 1198 18.14,1
ACTUATORS 70 400 49.53,1
DEFICIT WGT. CHARGE 70 123 30.29,1
ACTUATORS 70 877 30.29,1
TOL NEDERLAND,1
ACTUATORS 70 770 27.89,1
VrachtkostenÂ ,1
AWB Revalidation,1
CUSTOMS BROKERAGE CHARGE - DEST (NO VAT),1
CARTAGE,1
ACTUATORS 70 3235 40.03,1
NMFC 051080-05 Faucets; Bibcocks; 70 505 MIN,1
DEFICIT WGT. CHARGE 70 690 17.00,1
HDWR 65 430 22.31,1
ALUMINUM CASTINGS 70 4310 17.00,1
32X24X16 IT-62070-1 CL70 70 601 37.20,1
40X24X28IN 70 554 35.93,1
REUSABLE BOXES 70 90 MIN,1
CRT VALVES I&S OR NP IT-51080-7 60 5275 18.37,1
DEFICIT WGT. CHARGE 55 160 17.56,1
PRINTED LABELS 55 840 17.56,1
THOMPSON INVESTMENT CASTING PRODUCT 60 115 MIN,1
METAL STAMPINGS 50 350 MIN,1
VALVE 60 50 MIN,1
HARDWARE 70 370 MIN,1
STEEL RODS 50 625 28.78,1
CL60 60 476 26.74,1
ACTUATORS 70 228 MIN,1
HDWR 92.5 190 22;31,1
NMFC 051080-05 70 170 MIN Faucets; Bibcocks;,1
HDWR 85 240 22.31,1
HDWR 60 2580 22.31,1
HDWE 50 3969 17.70,1
DEFICIT WGT. CHARGE 50 812 17.70,1
HDWE 60 219 17.70,1
ACTUATORS 70 5226 26.23,1
ACTUATORS 70 1126 20.83,1
NMFC 051080-05 70 345 46.82 Faucets; Bibcocks;,1
NWCARBEA SURCHARGE FLAT,1
ACTUATORS 70 2440 42.65,1
NMFC 051080-05 Faucets; Bibcocks; 70 715 28.49,1
NMFC 051080-05 70 315 MIN Faucets; Bibcocks;,1
NMFC 051080-05 Faucets; Bibcocks; 70 515 MIN,1
NMFC 051080-05 Faucets; Bibcocks; 70 250 MIN,1
Discount Allowed 83.00%,1
FRT FREIGHT CHARGE 1.000 153.0000,1
Document Turnover Fee,1
ACUATORS 70 165 MIN,1
ACTUATORS 70 432 56.83,1
ACTUATORS 70 1570 34.77,1
ACTUATORS 70 1098 19.58,1
GUARANTEED BY NOON 000000|005000 FLAT,1
"NMFC 051080-05 70 315 MIN Faucets, Bibcocks,",1
DEFICIT WGT. CHARGE 92.5 60 25.21,1
NMFC 150005-07 PAINT AND RELATED M * 92.5 440 25.21,1
FLAT NWCARBEA SURCHARGE,1
ACTUATORS 70 89 MIN,1
"NMFC 051080-05 70 205 MIN Faucets, Bibcocks, ...",1
VALVES 70 100 MIN,1
ACTUATORS 70 322 MIN,1
DEFICIT WGT. CHARGE 70 125 13.97,1
ACTUATORS 70 875 13.97,1
DEFICIT WGT. CHARGE 70 259 28.20,1
ACTUATORS 70 204 MIN,1
ACTUATORS 70 741 28.20,1
"NMFC 051080-05 70 165 MIN Faucets, Bibcocks, ...",1
HARDWARE 65 1476 25.13,1
"NMFC 133300-03 OR * 125 390 70.14 MACHINERY, NOI,",1
ACTUATORS 70 1141 23.87,1
CASTINGS 60 2575 21.51,1
"NMFC 051080-05 70 175 MIN Faucets, Bibcocks,",1
6.50 LBS PER PKG 125 770 30.80,1
ACTUATORS 70 1022 38.23,1
HARDWARE 60 380 MIN,1
"NMFC 051080-05 70 170 MIN Faucets, Bibcocks, ...",1
ACTUATORS 70 755 56.77,1
METAL PARTS 70 1041 19.27,1
"NMFC 051080-05 Faucets, Bibcocks, 70 230 MIN",1
DEFICIT WGT. CHARGE 70 68 56.83,1
"* NMFC 133300-03 MACHINERY, NOI, OR 125 294 MIN",1
ACTUATORS 70 415 26.47,1
PLT STC 1 PC DG CONTROL VALVES CL65 65 1240 34.41,1
ACTUATORS 70 534 33.68,1
DEFICIT WGT. CHARGE 70 200 25.28,1
ACTUATORS 70 800 25.28,1
"NMFC 051080-05 Faucets, Bibcocks, 70 255 MIN",1
VALVES 60 80 MIN,1
ACTUATORS 70 819 53.98,1
"NMFC 051080-05 70 217 MIN Faucets, Bibcocks,",1
ACTUATORS 70 1188 34.77,1
DEFICIT WGT. CHARGE 70 460 22.12,1
ACTUATORS 70 4540 22.12,1
DEFICIT WGT. CHARGE 70 95 38.23,1
ACTUATORS 70 905 38.23,1
ACTUATORS 70 1623 34.77,1
34% FUEL SURCHARGE,1
PLT STC 1 PC DG CONTROL VALVES CL65 65 410 34.41,1
ACTUATORS 70 1230 12.61,1
ACTUATORS 70 395 34.79,1
METAL PRODUCTS 50 1182 20.54,1
THOMPSON INVESTMENT CASTING PRODUCT 60 127 MIN,1
"NMFC 051080-05 Faucets, Bibcocks, 70 265 MIN",1
ACTUATORS 70 571 MIN,1
DEFICIT WGT. CHARGE 70 10 39.78,1
ACTUATORS 70 490 39.78,1
"* NMFC 133300-02 MACHINERY, NOI, OR 250 375 71.02",1
VALVES 70 124 MIN,1
DEFICIT WGT. CHARGE 70 62 46.16,1
ACTUATORS 70 438 46.16,1
REUSABLE BOXES 70 250 MIN,1
ACTUATORS 70 615 30.76,1
ACTUATORS 70 431 50.04,1
DEFICIT WGT. CHARGE 70 85 26.47,1
"* NMFC UNKNOWN, TARIFF ITEM 170 SUB 13 50 561 37.20",1
FRT FREIGHT CHARGE 1.000 90.0000,1
Discount 1 Each -$180.95,1
DRAYAGE (REJECTED),1
Inside DL,1
Hospital DL,1
Liftgate DL,1
NEW YORK ISLAND DELIVERY NYILD,1
DEFICIT DEF78 84337,1
DISC DISCOUNT 91.80%,1
Customs Processing and Admin Fees ,1
INSPECTION FEE ,1
Toll charge ,1
Storage cool/freeze ,1
TC PI CKUP,1
DESTINATION CHARGES,1
Discount 1 Each -$245.00,1
Discount 1 Each -$283.30,1
DOCUMENT FEE,1
Discount 1 Each -$441.72,1
Discount 1 Each -$262.56,1
Metro 1 Each $23.95,1
Lift Gate Delivery 1 Each $65.00,1
Discount 1 Each -$3;101.19,1
SPPU SPECIAL PICKUP,1
IMPT IMPORT FEES 252.0000,1
Discount 1 Each -$908.94,1
PAPER CORES OR TUBES 1 Each $1;143.33,1
1 Each Extreme Length $175.00,1
DENSITY 1 Each $1;906.07,1
Appointment Delivery 1 Each $39.00,1
Discount 1 Each -$1;271.35,1
FRT AIR FREIGHT 1.000 108.0000,1
DRAYAGE (LOADED),1
BTW,1
"NMFC 051080-05 Faucets, Bibcocks, 70 175 MIN",1
ACTUATORS 70 921 50.72,1
"NMFC 051080-05 70 90 MIN Faucets, Bibcocks,",1
CHARGEABLE PALLET WEIGHT 85 800 15.43,1
CRTS VALVES I/S IT-51080-7 CL 85 & 85 9809 15.43,1
UNKNOWN PRODUCT NO DESCRIPTION GIVEN 150 190 MIN -,1
"NMFC 051080-05 Faucets, Bibcocks, 70 90 MIN",1
"NMFC 051080-05 Faucets, Bibcocks, 70 180 MIN",1
ACTUATORS 70 582 42.10,1
ACTUATORS 70 575 32.20,1
"NMFC 051080-05 70 400 52.61 Faucets, Bibcocks,",1
ACTUATORS 70 1515 24.79,1
"NMFC 051080-05 70 90 MIN Faucets, Bibcocks, ...",1
"NMFC 051080-05 Faucets, Bibcocks, 70 235 MIN",1
ACTUATORS 70 309 MIN,1
DEFICIT WGT. CHARGE 70 79 50.72,1
DEFICIT WGT. CHARGE 70 47 42.10,1
Parking,1
ACTUATORS 70 453 42.10,1
AS WEIGHT 1;000 59.71,1
DLA DEST LIMITED ACCESS DELIVERY M,1
Per invoice pay $281.20,1
5 PLT GLASS TUBING L: 130 W: 45 H: 24 IN 87700-9 CLASS 70 FAK 55 6;860 9.84,1
AS WEIGHT 500 60.22,1
2 DIVISION 1.4; LIMITED QUANTITY L: 48 W: 40 H: 48 IN 64300-2 6;760 9.84,1
1 PLT ELECTRONIC TELCO SWITCHING SYSTEMS 1 75.0 116030-7 M CLASS 925 FAK 50 75,1
4 PLT BOXES KDF KNOCKED DOWN FOLDED CLASS 100 FAK 50 1;480 21.51,1
FSC-ADDER,1
Monitor 24x18x18,1
INBOUND COLLECT SURCHARGE,1
Returns Pre-Release Notification Surcharge,1
International Documents  Preparation,1
OVER DIMENSION FEE,1
Waiting time- Pickup,1
NMFC 051080-05 Faucets; Bibcocks; 70 225 MIN,1
CRATES 70 250 MIN (WOODEN),1
ACTUATORS 70 418 45.50,1
BROKER NOTIFICATION,1
NMFC 133300-03 OR * 125 1045 38.56 MACHINERY; NOI;,1
WGT. DEFICIT CHARGE 70 100 33.87,1
ACTUATORS 70 900 33.87,1
NMFC 051080-05 Faucets; Bibcocks; 70 820 55.98,1
ACTUATORS 70 605 54.42,1
ACTUATORS 70 676 26.53,1
NMFC 051080-05 Faucets; Bibcocks; 70 151 MIN,1
DEFICIT WGT. CHARGE 70 196 30.13,1
ACTUATORS 70 804 30.13,1
NMFC 051080-05 Faucets; Bibcocks; 70 305 MIN,1
NMFC 029785-05 O * 125 250 MIN BOXES; FIBREBOARD;,1
ACTUATORS 70 349 58.54,1
BYPU PICKUP MILES ADDITIONAL 91.000 2.5000,1
HARDWARE 65 1428 25.13,1
CPLUS LOCAL DRIVE CHARGES 111.000 1.4300,1
FRT FREIGHT CHARGE 1155.0000,1
ATDL ATTEMPTED TENDER,1
WAIT WAIT TIME @ ATTEMPT,1
AHPD AFTER HOURS TENDER,1
RECH RECOVER AND HOLD,1
Customs Border Fee,1
(EX175) 99 EX175 76639,1
PIECE MEDICAL SUPPLIES NOI - DENSITY 6 BU 125.0 157 F/C,1
PIECE MEDICAL SUPPLIES NOI DENSITY 6 BUT 125.0 250 F/C,1
PAIL UN1688; SODIUM CACODYLATE; 6.1; PG 85.0 551 186.65,1
HAZARDOUS MATERIALS CHARGE,1
PIECE FILM OR SHEETING LT 15 PCF 048/40/ 110.0 225 F/C,1
PALLET I168920-6 DVDS 15 BLT22.5 PCF 100.0 266 399.36,1
DEFICIT WGT. CHARGE 70 82 45.50,1
NMFC 051080-05 70 793 53.98 Faucets; Bibcocks;,1
TO REMOTE ACCESS AREA - TABLE B,1
Border Security,1
NMFC 051080-05 Faucets; Bibcocks; 70 2916 18.02,1
DEFICIT WGT. CHARGE 70 75 17.60,1
ACTUATORS 70 925 17.60,1
ACTUATORS 70 451 MIN,1
DEFICIT 95 3192,1
Billing Adjustment for  W/E 07/04/2026,1
Returns EPA Processing Fee,1
H4 Delivery,1
Pre Release Notification,1
Fix Levering ,1
Inklaringsafhandeling ,1
Tolgelden ,1
Customs Processing and Admin Fees GENERAL LEDGER# 124-3785-64420,1
Customs Trans border,1
ACTUATORS 70 219 MIN,1
ACTUATORS 70 372 25.35,1
ACTUATORS 70 678 18.43,1
ACTUATORS 70 482 MIN,1
ACTUATORS 70 362 34.75,1
NMFC 133300-02 OR * 250 43 MIN MACHINERY; NOI;,1
STAMPED PTS 70 2000 16.18,1
NMFC 051080-05 70 140 MIN Faucets; Bibcocks;,1
NMFC 133300-05 MACHINERY; NOI; OR * 65 525 32.46,1
LIFTGATE CHARGE GENERAL LEDGER# ,1
PRINTED LABELS 55 685 23.23,1
IT-62070-1 CL70 32X24X16 70 368 MIN,1
NMFC 051080-05 70 124 MIN Faucets; Bibcocks; ...,1
NMFC 051080-05 70 669 MIN Faucets; Bibcocks;,1
ACTUATORS 70 651 24.68,1
DEFICIT WGT. CHARGE 70 128 25.35,1
PALLET STEEL EXPANSION TANK - OTHER THAN B 150.0 167 F/C,1
PALLET FILM OR SHEETING NOI - DENSITY 30 o 55.0 971 107.35,1
DEFICIT WGT. CHARGE 70 203 31.21,1
ACTUATORS 70 4545 26.53,1
Appointment,1
1 PLT MISC CLASS 70 215 744.93,1
1 PLT MISC CLASS 70 717 288.24,1
NON STANDARD PICKUP,1
ZINC DIECAST PARTS 85 782 30.08,1
1 PLT MISC CLASS 70 405 366.68,1
1 PLT ACTUATORS 51080-5 CLASS 70 245 519.59,1
BLS BLIND SHIPMENT,1
1 PLT ACTUATORS 51080-5 CLASS 70 220 459.43,1
13.006 %  HST,1
2 PLT ACTUATORS 51080-5 CLASS 70 660 613.47,1
ACTUATORS 70 2913 30.85,1
NMFC 051080-05 70 3247 40.03 Faucets; Bibcocks;,1
DEFICIT WGT. CHARGE 70 455 26.53,1
ACTUATORS 70 2000 33.42,1
1 PLT MISC CLASS 70 186 M,1
NMFC 051080-05 70 2000 40.03 Faucets; Bibcocks;,1
DEFICIT WGT. CHARGE 125 60 23.20,1
NMFC 133300-03 125 1940 23.20,1
1 PLT ACTUATORS 51080-5 CLASS 70 159 M,1
DEFICIT WGT. CHARGE 70 26 38.01,1
ACTUATORS 70 474 38.01,1
ACTUATORS 70 1038 29.25,1
NMFC 051080-05 Faucets; Bibcocks; 70 400 40.28,1
DEFICIT WGT. CHARGE 70 50 29.55,1
ACTUATORS 70 450 29.55,1
DEFICIT WGT. CHARGE 70 58 17.60,1
ACTUATORS 70 1942 17.60,1
ACTUATORS 70 3595 17.60,1
NMFC 051080-05 Faucets; Bibcocks; 70 279 MIN,1
1 PLT MISC CLASS 70 621 304.61,1
1 PLT MISC CLASS 70 212 744.93,1
DEFICIT WGT ADDED TO RATE AS 1;000 29 107.35,1
SAF Contribution 0 Charge,1
PALLET MACHINERY 5 BLT 10 PCF 125.0 200 F/C,1
PALLETS PLASTIC ARTICLES - DENSITY 4 BUT LE 175.0 900 330.97,1
DEFICIT WGT ADDED TO RATE AS 1;000 100 330.97,1
PIECE FILM OR SHEETING NOI - DENSITY LESS 92.5 122 F/C,1
PIECE CABLE OR WIRE 042/42/26 1 PC 70.0 696 122.00,1
PIECE CABLE OR WIRE 040/36/53 1 PC 70.0 640 122.00,1
BYPU PICKUP MILES ADDITIONAL 145.000 3.0000,1
1 PLT MISC CLASS 70 320 323.80,1
SPRINTER VAN,1
Export Acceptance DNATA 0,1
Storage cool/freeze DNATA 0,1
Special Services,1
Non-Taxable Broker Fee,1
Government Tax Nigeria 0,1
METAL STAMPING 50 1000 MIN,1
NON-ROUTINE ENTRY,1
CL50 50 405 MIN,1
STAMPED PARTS 70 2450 16.18,1
NMFC 051080-05 70 119 MIN Faucets; Bibcocks;,1
DEFICIT WGT. CHARGE 70 98 26.47,1
ACTUATORS 70 402 26.47,1
Express Early Shipment,1
METAL STAMPING 50 650 MIN,1
CONTROL VALVE 70 210 MIN,1
1 PLT ACTUATORS 51080-5 CLASS 70 255 751.31,1
NYHULL-BEND TESTER OR# HARDWARE *FXF 100001/05/26 ILC 11080,1
OLG ORIG LIFTGATE HAND-UNLOAD M,1
Rolls,1
1 PLT CRAIG TI-3RS CLASS 70 234 744.93,1
CALIFORNIA COMPLIANCE SURCHARGE ,1
ACTUATORS 70 1797 31.21,1
BELIMO US INC PRODUCT 70 500 MIN,1
Sunday Pickup,1
ACTUATORS 70 348 MIN,1
METAL STAMPINGS 50 815 MIN,1
CL60 60 693 33.56,1
ACTUATORS 70 2224 40.67,1
ACTUATORS 70 133 MIN,1
NMFC 133300-02 OR * 250 227 MIN MACHINERY; NOI;,1
ACTUATORS 70 455 MIN,1
PLASTIC ARTICLES NMFC,1
ACTUATORS 70 354 45.27,1
ACTUATORS 70 680 24.40,1
ACTUATORS 70 394 41.70,1
* NMFC 133300-03 MACHINERY; NOI; OR 125 212 MIN,1
DEFICIT WGT. CHARGE 70 83 36.98,1
ACTUATORS 70 917 36.98,1
NMFC 133300-03 OR * 125 250 MIN MACHINERY; NOI;,1
ACTUATORS 70 385 MIN,1
SEALED AIR CORP PRODUCT 60 2323 9.97,1
ACTUATORS 70 784 44.84,1
HVAC ASSEMBLY 70 480 MIN COMPONENTS/VALVE,1
ACTUATORS 70 535 29.68,1
ACTUATORS 70 669 46.16,1
NMFC 051080-05 70 301 MIN Faucets; Bibcocks;,1
WOODEN CRATES 70 500 MIN,1
SWC DEST SUFFERANCE WAREHOUSE; GRP 1 M,1
BYPU PICKUP MILES ADDITIONAL 145.000 3.5000,1
ACTUATORS 70 162 MIN,1
* NMFC 133300-03 MACHINERY; NOI; OR 125 214 MIN,1
NMFC 051080-05 Faucets; Bibcocks; 70 235 MIN,1
LABEL SPOOL CONES 70 90 MIN,1
ACCESSORIAL FEE ADJUSTMENT,1
ACTUATORS 70 620 31.83,1
* NMFC 133300-02 MACHINERY; NOI; OR 250 141 MIN,1
ACTUATORS 70 445 29.18,1
ACTUATORS 70 253 MIN,1
Origin Warehouse Services,1
Waiting hours,1
Billing Adjustment for  W/E 07/25/2026,1
Chargeback Addl. Handling weight,1
LAYOVER FEE,1
INSIDE DELIVERY CHARGE 10.00,1
ACTUATORS 70 1605 16.39,1
ACTUATORS 70 254 MIN,1
ACTUATORS 70 114 MIN,1
ACTUATORS 70 3195 40.03,1
LTD ACCESS DELIVERY,1
002650 CALIFORNIA COMPLIANCE,1
INSPECTION ,1
SK MEDICAL SUPPLIES,1
TOTAL LINE HAUL,1
PREPULL,1
DEFICIT WGT. CHARGE 70 55 29.18,1
CHASSIS SPLIT,1
DRIVER WAIT TIME,1
REWEIGH FEE,1
INSPECTION,1
OK2FWD destination EBL ,1
Handling charges cold chain 2-8 ,1
ITEM 116030 SUB 7 ELECTRONIC,1
Storage cool/freeze,1
Storage cool/freeze - dnata,1
Toll charge (distance based,1
IST IN-BOND STORAGE,1
LICENSE PREPARATION ,1
PROCOMER FEE (FACTURA CONSOLIDADA DUAS LOCALES),1
ACTUATORS 70 607 27.60,1
BELIMO US INC PRODUCT 70 500 24.73,1
BYPU PICKUP MILES ADDITIONAL 51.000 2.5000,1
50 3;158 22.49,1
ATPU ATTEMPTED PICKUP X 2 2.000 75.0000,1
ADVANCES CONCORDIA SYDNEY,1
CARRIER CAPACITY SURCHARGE,1
SECURITY \ SCREENING FEE ,1
PICK-UP SEFL,1
ADVANCES,1
Filler Only Pkg LG,1
"Fragile- Large, 20x20x20",1
FRT FREIGHT CHARGE 1.000 60.0000,1
WTAH AFTERHOURS RECOVERY,1
FRT AIR FREIGHT 1.000 1010.0000,1
IMPT IMPORT FEES,1
FRT AIR FREIGHT 11.000,1
Mailr Smart 12.5x18,1
Malr Smrt 14.25 X 19.25,1
FRT FREIGHT CHARGE 1.000 145.0000,1
SECURITY \ SCREENING FEE 1;600 0.17,1
Filler Only Pkg MD,1
Large Package Surcharge Comm - Weight,1
Pst Quebec,1
Not Previously Billed Next Day Air Commercial,1
Tariff Update,1
IT 29275.4 KDF KNOCKED DOWN FOLDED,1
* DEFICIT WEIGHT CHARGE *,1
ITEM 116030 SUB : 7 ELECTRONIC TELCO SWITCHING SYSTMES OR COMPONENTS,1
ITEM 116030 SUB: 7 TELECOMMUNICATIONS EQUIPMENT *** SUM *** WEIGHT & CHARGE,1
India KA CGST,1
India KA SGST,1
LINEHAUL,1
PACSU PACKING SUPPLIES UN LABELS 2.000 10.0000,1
MILE MILEAGE 82.000 2.5000,1
PICK-UP TRUCK OPS CARRIER,1
CARRIER CAPACITY SURCHARGE 1;600 0.08,1
* NMFC 133300-02 MACHINERY; NOI; OR 250 150 MIN,1
ACTUATORS 70 386 54.32,1
ACTUATORS 70 613 36.72,1
ACTUATORS 70 196 MIN,1
ACTUATORS 70 1740 34.77,1
PARK PARKING FEES @ PU,1
ACTUATORS 70 2411 30.85,1
ACTUATORS 70 1002 35.16,1
ACTUATORS 70 2170 31.21,1
BYPU PICKUP MILES ADDITIONAL 16.000 2.5000,1
ACTUATORS 70 199 MIN,1
BYPU PICKUP MILES ADDITIONAL 9.000 2.5000,1
METAL STAMPINGS 50 485 MIN,1
CASTINGS 60 3210 21.51,1
* NMFC 133300-03 MACHINERY; NOI; OR 125 120 MIN,1
ACTUATORS 70 471 MIN,1
ACTUATORS 70 6962 32.21,1
"Standard- Small, 8x8x8",1
ACTUATORS 70 6635 32.21,1
ACTUATORS 70 428 MIN,1
ACTUATORS 70 479 MIN,1
BYPU PICKUP MILES ADDITIONAL 72.000 2.5000,1
ACTUATORS 70 430 MIN,1
Rebill Duty,1
Special Express Clearance,1
Inspection,1
Notification Fee,1
SK PRINTED MATTER,1
OLG ORIG LIFTGATE HAND-UNLOAD,1
Delivery Lane Charge,1
Standard- Golf Bag Box,1
FRT FREIGHT CHARGE 1.000 119.0000,1
ITEM 116030 SUB : 7 TELEPHONE,1
0048990 DISC AMT/MIN CHG FLR APPL,1
ITEM 116030 SUB : 5 TELECOMMUNICATION EQUIPMENT,1
NMFC 051080-05 Faucets; Bibcocks; 70 299 52.84,1
DEFICIT WGT. CHARGE 175 50 36.04,1
NMFC 029785-04 O * 175 450 36.04 BOXES; FIBREBOARD;,1
ACTUATORS 70 360 MIN,1
ACTUATORS 70 121 MIN,1
BELIMO US INC PRODUCT 70 70 MIN,1
EXTRA AFHALING,1
TOLL,1
DEFICIT WGT. CHARGE 70 216 19.80,1
NMFC 051080-05 70 784 19.80 Faucets; Bibcocks; ...,1
MObLITY PACKAGE,1
DEFICIT WGT. CHARGE 70 32 19.00,1
NMFC 051080-05 70 968 19.00 Faucets; Bibcocks;,1
ACTUATORS 70 1212 48.37,1
ACTUATORS 70 787 56.83,1
HANDLING CHARGE- TAX,1
Lifeguard Service,1
Pick Up via Truck Greater of (Min Rate 80 Kilogram(s) @ EUR 0;10/KG),1
DEFICIT WGT. CHARGE 70 197 30.85,1
NMFC 051080-05 70 1803 30.85 Faucets; Bibcocks; ...,1
Security Surcharge Greater of (Min Rate EUR 0;10; 80 Kilogram(s) @ EUR 0;10/KG),1
NMFC 051080-05 Faucets; Bibcocks; 70 1070 16.30,1
Argentina Export Duty,1
NMFC 051080-05 70 3408 40.03 Faucets; Bibcocks; ...,1
WID TSP 7/01/26 DIMENSIONER INSPEC Rated As; Deficit Weight,1
Discount Allowed 89.00%,1
Minimum Charge Minimum charge based on 341 miles,1
INSTAPAK 60 5196 6.85,1
ACTUATORS 70 2765 33.42,1
ACTUATORS 70 1031 13.97,1
ACTUATORS 70 460 41.64,1
DEFICIT WGT. CHARGE 70 40 41.64,1
NMFC 051080-05 70 880 35.16 Faucets; Bibcocks;,1
PIECE TENDERED ON SHIPPER WRAPPED SKIDS HOUSE/RESIDENTIAL DELIVERY FEE,1
HOME PICKUP CHARGE 8303859641 ,1
LIFTGATE DELIVERY CHARGE UNATTENDED DELIVERY ,1
1 PLT ACTUATORS 51080-5 CLASS 70 191 M,1
Special DL,1
Farm/Country Club/Estate P/U Fee,1
NMFC 133300-03 125 102 MIN,1
LIFTGATE DELIVERY CHARGE NO APPOINTMENT CHARGE,1
TIME CRITICAL GTD ,1
1 PLT MISC CLASS 70 260 365.12,1
School Delivery Fee,1
* NMFC 133300-03 MACHINERY; NOI; OR 125 330 MIN,1
************AMOUNT DUE************,1
NMFC 051080-05 Faucets; Bibcocks; 70 450 MIN,1
1 PLT ACTUATORS 51080-5 CLASS 70 262 331.64,1
PIECE FURNE HOOD 055/36/85 1,1
PIECE FUME HOOD 038/30/34 1,1
PIECE FUME HOOD 081/31/73 1,1
PIECE FUME HOOD 081/31/73 1 PC,1
<> ELIVERY ESTES GUARANTEE 12PM - EXPRESS ,1
DEFICIT WGT. CHARGE 70 950 22.12,1
ACTUATORS 70 4050 22.12,1
ACTUATORS 70 1158 22.87,1
ACTUATORS 70 1470 38.56,1
ACTUATORS 70 3778 16.54,1
ACTUATORS 70 578 22.05,1
DEFICIT WGT. CHARGE 70 120 35.16,1
Extended Pickup Area Surcharge,1
ACTUATORS 70 269 MIN,1
ACTUATORS 70 580 38.01,1
CARRIER DOC FEE,1
ACTUATORS 70 60 MIN,1
4 PLT CABLE OR WIRE NOT CUT TO LENGTH 30310-2 CLASS 70 FAK 2;214 11.74,1
1 PLT DIGITAL CABLE COMPONENTS CLASS 85 FAK 50 654 37.82,1
ACTUATORS 70 373 MIN,1
2 PLT DIGITAL CABLE COMPONENTS CLASS 85 FAK 50 1;500 27.47,1
5 PLT DIGITAL CABLE COMPONENTS CLASS 85 FAK 50 3;750 23.40,1
5 PLT DIGITAL CABLE COMPONENTS CLASS 85 FAK 50 2;335 20.89,1
DEFICIT WGT. CHARGE 85 110 13.98,1
1 PLT HARDWARE NOI; SUB 9: 15 LESS THAN 22.5 LBS PER CF 64 M,1
NMFC 95190-08 HARDWARE NOI 85 4890 13.98,1
1 PLT DIGITAL CABLE MODEMS CLASS 100 FAK 50 680 57.14,1
METAL PRODUCTS 50 2902 17.31,1
TICA FEE,1
FSC FUEL SURCHARGE 34.60%,1
ACTUATORS 70 1391 30.29,1
ACTUATORS 70 183 MIN,1
DEFICIT WGT. CHARGE 70 55 27.76,1
ACTUATORS 70 945 27.76,1
0002264 WEIGHT VALIDATION FEE,1
ACTUATORS 70 624 42.59,1
ACTUATORS 70 507 MIN,1
LIFTGATE SVCDEST,1
RESIDENTIAL DELIVERY,1
VALVES 70 161 MIN,1
ETS Toeslag,1
ALR FREIGHT 7,1
PI CKUP Z,1
ACTUATORS 70 366 52.45,1
AS WEIGHT 10;000 11.07,1
1 PLT MACHINE PARTS 133300-8 CLASS 175 FAK 150 135 M,1
1 PLT ELECTRICAL MOTORS 22 BLT 30 PCF CLASS 65 FAK 55 617 38.46,1
1 PLT DIE MOLDS CLASS 925 140 M,1
Shipping Charge Correction Ground Same Day Pickup- Document,1
HDWE 60 2320 17.70,1
HDWE 50 3975 17.70,1
Gears-Motors Parts 77.5 450 MIN or therof; NOI;,1
PALLET WEIGHT CL50 60 50 FLAT,1
78.00% DISC 0.00,1
CRT VALVES I&S OR NP IT-51080-7 60 617 FLAT,1
HDWE 60 1455 25.13,1
CASTINGS 50 320 MIN,1
NMFC 013120-07 Aluminum 92.5 466 MIN Articles;,1
MX BROKERAGE FEE-A,1
CONTRAPRESTACIONCNT,1
DIGIT DOC/VUCEM FEE,1
PREVALIDATION (PRV),1
IVA,1
NMFC 156830- Film or Sheeting; 55 394 6.85,1
Pick Up via Truck Greater of (Min Rate EUR 15;00; Zero Rated 1.,1
Export Customs Clearance Base Rate EUR 27;50 Zero Rated 1.,1
1. Org. Terminal Handling-Forwarder Greater of (Min Zero Rated,1
1. Org. Cargo Screening Base Rate EUR 60;00 Zero Rated,1
LICENSE PREPARATIONÂ ,1
Org. Administrative Handling Base Rate EUR 20;00 Zero Rated 1.,1
Freight 100 KG @ EUR 9;50/KG Zero Rated 1.,1
METAL STAMPINGS 50 300 MIN,1
Airline Airfreight Surcharge Base Rate EUR 85;00 Zero Rated 1.,1
Security Surcharge Greater of (Min Rate EUR 0;10; Zero Rated 1.,1
NMFC 051080-05 70 167 MIN Faucets; Bibcocks;,1
1 PLT CONTROL VALVE CLASS 70 193 845.44,1
ACTUATOR 70 95 MIN,1
CERTIFICATE Z,1
ACTUATORS 70 482 34.29,1
ACTUATORS 70 390 23.75,1
1 PLT CONTROL VALVES 51080-5 CLASS 70 75 M,1
1 PLT ACTUATORS 51080-5 CLASS 70 165 M,1
ACTUATORS 70 1285 21.87,1
(EX175) 263 EX175 56272,1
1 PLT MISC CLASS 70 225 708.98,1
ACTUATORS 70 1300 21.87,1
ACTUATORS 70 283 MIN,1
ACTUATORS 70 665 44.08,1
ACTUATORS 70 394 54.32,1
CONTRACT REACHED MCADJ MINIMUM ADJ,1
MEDICAL DEVICES CLASS 175.0 48.0 X 42.0 X 61.0 658 14745,1
DEFICIT WGT. CHARGE 70 18 34.29,1
1 PLT ACTUATORS 51080-5 CLASS 70 210 559.52,1
ACTUATORS 70 341 51.76,1
DEFICIT WGT. CHARGE 70 105 38.56,1
ACTUATORS 70 895 38.56,1
ITEM 056590-04 (CL175) CLASS 175.0 48.0 X 40.0 X 64.0 (EX175) 356 EX175 90631,1
ACTUATORS 70 535 42.10,1
NMFC 051080-05 Faucets; Bibcocks; 70 195 MIN,1
* NMFC 133300-02 MACHINERY; NOI; OR 250 220 MIN,1
ACTUATORS 70 127 MIN,1
* NMFC 061700-03 ELECTRICAL APPLIANCE 250 169 MIN,1
(EX175) 103 EX175 84977,1
ACTUATORS 70 384 41.91,1
NMFC 051080-05 70 205 MIN Faucets; Bibcocks; ...,1
53.0 287 EX175 84600 (EX175),1
ACTUATORS 70 111 MIN,1
DEFICIT WGT. CHARGE 70 110 23.75,1
1 PLT MISC CLASS 70 155 893.79,1
NMFC 051080-05 Faucets; Bibcocks; 70 1935 17.60,1
DEFICIT WGT. CHARGE 70 65 17.60,1
METAL STAMPINGS 50 820 11.07,1
METAL STAMPINGS 50 650 11.07,1
NMFC 051080-05 70 327 MIN Faucets; Bibcocks;,1
DEFICIT WGT. CHARGE 70 29 25.70,1
ACTUATORS 70 471 25.70,1
ACTUATORS 70 1210 18.14,1
ACTUATORS 70 1485 19.72,1
LICENSE PREPARATION,1
NMFC 051080-05 70 236 MIN Faucets; Bibcocks;,1
NOTIFICATION/SUSPENSION OF SVC CHARGE FLAT,1
ACTUATORS 70 2175 21.98,1
OVERTIME,1
NMFC 051080-05 Faucets; Bibcocks; 70 110 MIN,1
NMFC 051080-05 70 340 MIN Faucets; Bibcocks;,1
NMFC 133300-02 MACHINERY; NOI; OR * 250 77 MIN,1
ACTUATORS 70 194 MIN,1
ACTUATORS 70 796 29.68,1
* NMFC 133300-03 MACHINERY; NOI; OR 125 100 MIN,1
ACTUATORS 70 1399 24.79,1
DEFICIT WGT. CHARGE 70 40 50.72,1
NWCARBEA SURCHARGE 833 FLAT,1
NMFC 051080-05 70 960 50.72 Faucets; Bibcocks; ...,1
ACTUATORS 100 241 MIN,1
ACTUATORS 70 705 29.68,1
1 PLT ACTUATORS 51080-5 CLASS 70 245 607.71,1
1 PLT MISC CLASS 70 280 378.08,1
ACTUATORS 70 500 51.95,1
ACTUATORS 70 271 MIN,1
ACTUATORS 70 347 51.76,1
NMFC 051080-05 70 100 MIN Faucets; Bibcocks; ...,1
STAMPED PARTS 70 3860 16.18,1
(EX175) 355 EX175 90538,1
NMFC 061700-08 ELECTRICAL APPLIANCE * 85 535 32.46,1
(EX175) 231 EX175 82620,1
1 PLT MISC CLASS 70 123 M,1
DISCOUNT DISC 92;30%,1
ACTUATORS 70 5395 13.79,1
40.0 X 20.0 (EX175) 88 EX175 77588,1
NMFC 156600-04 PLASTIC O * 175 227 MIN ARTICLES;,1
ACTUATORS 70 769 34.46,1
DEFICIT DEF185 30216,1
ACTUATORS 70 1070 24.37,1
CLASS 85.0 48.0 X 42.0 X 53.0 (EX85) 815 EX85 30216,1
ACTUATORS 70 1250 21.87,1
DISCOUNT DISC 91.80%,1
ACTUATORS 70 776 29.68,1
(EX175) 205 EX175 105109,1
ACTUATORS 70 1297 21.87,1
CRT VALVES I&S OR NP IT-51080-7 60 7770 FLAT,1
ACTUATORS 70 450 MIN,1
DISCOUNT DISC 92.30%,1
40.0 X 36.0 (EX175) 136 EX175 77588,1
DEFICIT WGT. CHARGE 70 86 29.65,1
ACTUATORS 70 770 28.22,1
* NMFC 062070-01 GEAR-MOTORS OR PARTS 70 914 29.65,1
MEDICAL DEVICES CLASS 175.0 (EX175) 326 EX175 25535,1
EX175 MEDICAL DEVICES CLASS 175.0 (EX175) 133 25535,1
MEDICAL DEVICES CLASS 92;5 51.0 X 1.0 X 1.0 545 13695,1
NMFC 051080-05 Faucets; Bibcocks; 70 191 MIN,1
MEDICAL DEVICES CLASS 175.0 48.0 X 42.0 X 50.0 (EX175) 296 EX175 51808,1
MCADJ CONTRACT MINIMUM REACHED ADJ,1
ACTUATORS 70 434 MIN,1
ACTUATORS 70 347 MIN,1
NMFC 051080-05 70 255 MIN Faucets; Bibcocks;,1
ACTUATORS 70 2500 17.60,1
ACTUATORS 70 154 MIN,1
DEFICIT WGT. CHARGE 70 146 28.20,1
ACTUATORS 70 854 28.20,1
ACTUATORS 70 326 MIN,1
DEFICIT WGT. 41.64 CHARGE 70 66,1
ACTUATORS 70 434 41.64,1
ACTUATORS 70 116 MIN,1
Add Stop Same Address,1
(EX175) 230 EX175 62232,1
WAIT WAIT TIME @ RECOVERY ATTEMPT,1
ACTUATORS 70 481 MIN,1
ITEM 056590-04 (CL175) CLASS 175.0 48.0 X 42.0 X 51.0 (EX175) 252 EX175 78587,1
DEFICIT WGT. CHARGE 250 35 60.53,1
ACTUATORS 70 647 21.71,1
NMFC 133300-02 OR * 250 465 60.53 MACHINERY; NOI;,1
NMFC 051080-05 Faucets; Bibcocks; 70 114 MIN,1
(EX175) 90 EX175 27658,1
ACTUATORS 70 151 MIN,1
Line haul,1
ROUGH IRON CASTINGS NOIBN 50 13505 7.44,1
1 PLT ACTUATORS 51080-5 CLASS 70 375 527.14,1
BELIMO US INC PRODUCT 70 380 MIN,1
ACTUATORS 70 337 MIN,1
ACTUATORS 70 544 26.32,1
ACTUATORS 70 1397 22.75,1
CHC 7,1
ACTUATORS 70 1438 34.77,1
ITEM 116030 SUB : 4 MACHINES SYSTEMS ORC100 ;,1
NMFC 133300-03 MACHINERY; NOI; OR * 125 71 MIN,1
1 PLT ACTUATORS 51080-5 CLASS 70 248 708.50,1
Worldwide Express Saver,1
1 PLT ACTUATORS 51080-5 CLASS 70 255 M,1
1 PLT ACTUATORS 51080-5 CLASS 70 256 403.58,1
AS WEIGHT 1;000 580.71,1
1 PLT MISC CLASS 70 275 322.29,1
Skid/Pallet Weight 50 lbs. 24~ L X 31~ W X 25~ H Cnt,1
HANDLING UNITS 1 OF TYPE OTH NO DESCRIPTION ON BILL OF LADING,1
1 PLT ACTUATORS 51080-5 CLASS 70 206 459.43,1
ACTUATORS 70 547 MIN,1
ACTUATORS 70 353 MIN,1
NMFC 051080-05 Faucets; Bibcocks; 70 76 MIN,1
NMFC 051080-05 Faucets; Bibcocks; ... 70 282 MIN,1
* NMFC 133300-02 MACHINERY; NOI; OR 250 207 MIN,1
0002183468 ACTUATORS,1
Frg 22x22x22 Multi-depth Boxes,1
NMFC 051080-05 70 385 MIN Faucets; Bibcocks; ...,1
Additional Handling Charge,1
Direct Delivery Only,1
DEFICIT WGT. CHARGE 70 168 25.28,1
ACTUATORS 70 832 25.28,1
ACTUATORS 70 536 MIN,1
DEFICIT WGT. CHARGE 70 108 34.77,1
ACTUATORS 70 892 34.77,1
ACTUATORS 70 1770 34.77,1
NMFC 051080-05 70 115 MIN Faucets; Bibcocks;,1
CONTROL VALVES *FXF 100001/05/26 ILC 04245,1
0000009 DEFICIT WT=LOWER CHARGES ** **,1
1 PLT MISC CLASS 70 350 366.68,1
SK PLASTIC PARTS,1
1 PLT ACTUATORS 51080-5 CLASS 70 86 M,1
16 PLT MISC CLASS 70 6;104,1
GST/HST,1
(EX175) 43 EX175 90538,1
HSC reporting,1
EDI Fee,1
Remittance Charge,1
FRT FREIGHT CHARGE 900.0000,1
BYPU PICKUP MILES ADDITIONAL 58.000 2.5000,1
1 PLT AMMUNITION OR CARTRIDGES; SMALL ARMS; CLASS 1; 322 M,1
Pickup Origin Documentation Fee,1
Customs Authorization,1
TERMINAL SECURITY FEE - ORIG,1
SPECIAL HANDLING - ORIG,1
Filler - Fragile Small,1
"Fragile- Large, 24x24x24",1
Fgl- Lg 18x18x18,1
HANDLING UNITS 7,1
20   x 20   x 12   box,1
Package Tape HeavyDutyGreener,1
LTL Fuel Surcharge,1
ADSTOP ADDITIONAL STOP,1
ADSTOP ADDITIONAL STOP UN LABEL,1
MILE MILEAGE 2.000 2.5000,1
1 PLT ACTUATORS 51080-5 CLASS 70 184 M,1
AS WEIGHT 5;000 114.78,1
FRT FREIGHT CHARGE 3135.0000,1
1 PLT VALVE ASSEMBLY|L=30;W=38;H=40| CLASS 70 220 732.60,1
BYPU PICKUP MILES ADDITIONAL 6.000 2.5000,1
795 LESS DISCOUNT 21873-9000-FXF-6,1
NMFC 051080-05 70 362 48.98 Faucets; Bibcocks; ...,1
(EX175) 239 EX175 90631,1
DEFICIT WGT. CHARGE 70 60 42.10,1
Pallet Palstic Articles Density,1
ACTUATORS 70 335 MIN,1
TIME CRITICAL GTD LTL STDÃƒÂ‚Ã‚Â ,1
DETENTION BELIMO 844AM-1101AM,1
15 15 MISC PARTS FOR STORAGE 4974,1
AOG Handling,1
FRT FREIGHT CHARGE 750.0000,1
CPLUS LOCAL DRIVE CHARGES 170.560 1.4300,1
38 38 SHUTTLE TO BELIMO 2600,1
Broker Selection Option,1
26 26 SKIDS 999,1
Canada HST (NB),1
ACTUATORS 70 112 MIN,1
ACTUATORS 70 440 42.10,1
NMFC 051080-05 Faucets; Bibcocks; 70 260 MIN,1
Express Saver Third Party,1
PR Std Lg 20x20x12,1
12.986 %  HST,1
* NMFC 133300-03 MACHINERY; NOI; OR 125 105 MIN,1
REWEIGH OR RECLASSIFY 850,1
BYDL DELIVERY MILES ADDITIONAL 15.000 3.5000,1
DOCU LGA SURCHARGE,1
ATDL ATTEMPTED TENDER UA,1
DEFICIT WGT. CHARGE 70 105 25.68,1
ACTUATORS 70 895 25.68,1
DEFICIT WGT. CHARGE 70 250 17.60,1
ACTUATORS 70 1750 17.60,1
DETENTION WITH POWER,1
CONSTRUCTION SITE DELIVERY FEE,1
LIne Haul,1
Border Processing Service Charge,1
0047690 DISC AMT/MIN CHG,1
HANDLING UNITS 1 OF TYPE SKID,1
ACTUATORS 70 565 30.74,1
ACTUATORS 70 2194 30.85,1
SHIPPING CORRECTION AUDIT FEE,1
NMFC 051080-05 Faucets; Bibcocks; 70 125 MIN,1
Pick Up via Truck Greater of (Min Rate EUR 15;00; 850 Kilogram(s) @ EUR 0;10/KG),1
ACTUATOR 70 180 MIN,1
Org. Terminal Handling-Forwarder Greater of Rate EUR 30;00; 850 Kilogram(s) @ EUR 0;12/KG),1
Org. Administrative Handlind,1
VAT on Ancillary,1
Org. Airport Fees,1
Airline Airfreight Surcharge - Base Rate EUR 85;00 ,1
Security Surcharge - Greater of (Min Rate EUR 0;10;,1
DEFICIT WGT. CHARGE 70 10 44.08,1
Pick Up via Truck Greater of (Min Rate EUR 15;00; 274 Kilogram(s) @ EUR 0;10/KG),1
ACTUATORS 70 490 44.08,1
Org. Terminal Handling-Forwarder Greater of Rate EUR 15;00; 274 Kilogram(s) @ EUR 0;10/KG),1
Org. Document Handover,1
Freight Greater,1
Security Surcharge Greater of (Min Rate,1
Delivery via Truck Greater of (Min Rate EUR 225;00; 274 Kilogram(s) @ EUR 0;45/KG),1
Dest. Terminal Handling-Forwarder Greater of (Min Rate EUR 35;00; 274 Kilogram(s) @ EUR 0;148/KG),1
FSC - ADDER,1
LIFTGATE CHARGE GENERAL LEDGER# 137-2686-64420 P o # V01s00006469081 P o # V01s00006468924 R+L INV 2798672132601 BOL READS SOLUTIONS,1
NMFC 051080-03 Faucets; Bibcocks; 70 445 MIN,1
ACTUATORS *FXF 100001/05/26 ILS 05345 ** FAK RATES APPLIED **,1
0128890 DISC AMT/MIN,1
AFS AIR FREIGHT SURCHARGE DL 2.000 27.0100,1
(EX175) 65 EX175 64814,1
T/C 7,1
ACTUATORS 70 674 58.39,1
DISCOUNT DISC 92;70%,1
(EX175) 142 EX175 111431,1
Processing Fee,1
DEFICIT WGT. CHARGE 70 5 46.16,1
ACTUATORS 70 495 46.16,1
DEFICIT WGT. CHARGE 70 102 17.60,1
ACTUATORS 70 1898 17.60,1
STEEL RODS 50 632 28.78,1
ACTUATORS 70 584 24.15,1
ACTUATORS 70 1004 22.38,1
ACTUATORS 70 374 48.98,1
DEFICIT WGT. CHARGE 70 7 47.96,1
ACTUATORS 70 493 47.96,1
ACTUATORS 70 149 MIN,1
ACTUATORS 70 2100 17.60,1
DEFICIT WGT. CHARGE 70 74 29.65,1
STC 29BX 70 926 29.65,1
NMFC 051080-05 Faucets; Bibcocks; 70 5848 37.09,1
ASSEMBLED 40X24X28~ IT-62070-1 CL70 70 285 MIN,1
DEFICIT WGT. CHARGE 70 90 17.60,1
ACTUATORS 70 1910 17.60,1
FLAT CHICAGO METRO CHARGE,1
ITM 290;101 APPLIES PER PYLE RULES TARF 85 5104 45.57,1
NWCARBEA SURCHARGE 3665 MAXIMUM,1
AS 5000 POUNDS DEFICIT WEIGHT 318 45.57,1
ITM 290;101 APPLIES PER PYLE RULES TARF 85 4682 45.57,1
NWCARBEA SURCHARGE MAXIMUM,1
OVER DIM - 84.51 IN,1
(EX175) 83 EX175 57301,1
(EX175) 143 EX175 66263,1
ACTUATORS 70 3884 31.21,1
(EX175) 130 EX175 93006,1
DOCS Z,1
Handling Z,1
Delivery Z,1
ACTUATORS 70 1207 18.33,1
PI I CKUP E,1
ACTUATORS 70 720 33.68,1
Extra Duties,1
ACTUATORS 70 136 MIN,1
NMFC 051080-05 Faucets; Bibcocks; 70 1005 18.94,1
I CKUP E,1
AIR REIGHT E,1
ADML N DOCS E,1
ACTUATORS 70 386 MIN,1
(EX175) 219 EX175 81785,1
NMFC 133300-02 OR * 250 252 MIN MACHINERY; NOI;,1
NMFC 051080-05 Faucets; Bibcocks; 70 365 MIN,1
ACTUATORS 70 700 38.49,1
CFS,1
THC,1
CUSTOMS,1
MANIFEST,1
IMP/A TERMINAL CHGS,1
(EX175) 135 EX175 66263,1
49.0 280 EX175 71316 (EX175),1
"Fragile- Small, 8x8x8",1
(EX175) 88 EX175 76639,1
ACTUATORS 70 743 42.10,1
ADMI I N DOCS,1
NMFC 133300-02 OR * 250 635 64.74 MACHINERY; NOI;,1
ITEM 056590-04 (CL175) CLASS 175.0 48.0 X 42.0 X 50.0 (EX175) 271 EX175 90631,1
Delivery Trumbull; CT,1
(EX175) 66 EX175 77588,1
MEDICAL DEVICES NMFC 056590 CLASS 200.0 48.0 X 42.0 X 50.0 281 76639,1
(EX175) 87 EX175 90538,1
(EX175) 135 EX175 76639,1
27.0 235 87215,1
Discount Allowed 68.00%,1
Discount Allowed 90;50%,1
H5 Delivery,1
ELECTRONIC TELCO SWITCHING SYSTEMS,1
PLASTIC PARTS DIMENSIONS: 48X 40 X 24,1
THC (Terminal - Handling Charge) Import,1
AMS (Automated Manifest System),1
Inland/Linehaul/Haulage vilnius - Hamburg,1
CFS Charges - Destination,1
NWCARBCTED CITY FEE FLAT,1
Facility Fee Import,1
Export Customs Clearance Charges,1
THC (Terminal Handling charge) - Import,1
Fee - Handling/Handoven Import,1
"Business or Office Machines, viz.",1
Discount Allowed 82.00%,1
Indv Pcs 1,1
DIGITAL CABLE MODEMS,1
DN 611,1
HANDLING UNITS 9 OF TYPE SKID DN 610,1
Other Charges,1
X 40.0 X 57.0 275 87606,1
(EX175) 168 EX175 90538,1
(EX175) 68 EX175 52780,1
(EX175) 233 EX175 32391,1
(EX175) 117 EX175 42389,1
(EX175) 86 EX175 50855,1
NMFC 051080-05 70 555 21.82 Faucets; Bibcocks;,1
Customs Processing and Admin Fees DIMENSIONS: 40 X 48 X 30 DAY AND ROSS FB# A11133503 P o # A11133503,1
ACTUATORS 70 2605 40.67,1
DEFICIT WGT. CHARGE 70 136 48.37,1
ACTUATORS 70 864 48.37,1
--> R&L'S DISCOUNT SAVES YOU,1
PLT DG CONTROL VALVES 47X32X48 CL60 60 1260 30.55,1
PLT DG CONTROL VALVES CL65 65 980 30.55,1
ASSEMBLED IT-062070-1 CL70 70 268 MIN,1
ACTUATORS 70 802 56.83,1
CASTINGS 70 4450 17.00,1
DEFICIT WGT. CHARGE 70 550 17.00,1
GUARANTEED BY 5PM FLAT 000000|005000,1
ACTUATORS 70 775 56.83,1
RAW CASTINGS 60 373 MIN,1
1 PLT MISC CLASS 70 254 762.15,1
HM3209223,1
| SS E,1
1 PLT MISC CLASS 925 180 1;043.71,1
Brokerage GST/HST,1
Government Agency Fee,1
NMFC 133300-04 OR * 85 105 MIN,1
NMFC 051080-05 Faucets; Bibcocks; 70 670 39.78,1
1 PLT MISC CLASS 70 170 810.80,1
AS WEIGHT 1;000 580.72,1
Adult Signature Required,1
Courier Package Fees,1
ACTUATORS 70 284 MIN,1
ACTUATORS 70 273 MIN,1
ACTUATORS 100 355 MIN,1
4 4 MISC PARTS FOR STORAGE 070 2000,1
ACTUATORS 70 619 30.74,1
VALVES 70 614 46.16,1
ACTUATORS 70 760 29.68,1
ACTUATORS 70 320 40.49,1
ACTUATORS 70 590 46.16,1
WARREN CONTROLS PRODUCT 70 195 MIN,1
NMFC 133300-03 OR * 125 85 MIN MACHINERY; NOI;,1
NMFC 051080-05 70 195 MIN Faucets; Bibcocks; ...,1
Retourzendingen Extra Tariefposten,1
ACTUATORS 70 476 MIN,1
NMFC 051080-05 Faucets; Bibcocks; 70 245 MIN,1
DETENTION SHEPARDS 127PM-339PM,1
DETENTION BELIMO 1043AM-1156AM,1
ACTUATORS 70 2125 24.97,1
1 PLT ACTUATORS 51080-5 CLASS 70 190 518.02,1
Corrected BOL,1
DEFICIT WGT. CHARGE 70 600 22.12,1
ACTUATORS 70 4400 22.12,1
0073110 DISC AMT/MIN CHG FLR APPL,1
Returns TB Express Saver,1
4570004072 SHPR# PRINTED ADHESIVE LABELS *FXF PZONE01/05/26 ILS 11115,1
1 PLT ACTUATORS 51080-5 CLASS 70 205 609.25,1
ACTUATORS 70 378 MIN,1
1 PLT ACTUATORS 51080-5 CLASS 70 135 M,1
1 SKD CONTROL VALVE CLASS 70 156 M,1
2 PLT MISC CLASS 70 1;026 605.15,1
1 PLT ACTUATORS 51080-5 CLASS 70 598 265.32,1
1 PLT ACTUATORS 51080-5 CLASS 70 200 M,1
NMFC 051080-05 Faucets; Bibcocks; 70 520 42.10,1
UPS WorldEase Worldwide Saver Shipment,1
UPS WorldEase Surge Emergency Fee - Commercial,1
ACTUATORS 70 343 54.32,1
ACTUATORS 70 364 52.45,1
NMFC 051080-05 Faucets; Bibcocks; 70 310 MIN,1
ACTUATORS 70 96 MIN,1
Weight Validation Fee,1
Shipping correction charges,1
DEFICIT 170 2052,1
28.60% DISC,1
Returns Extended Area P/U Surcharge-Origin,1
Returns Freight,1
BASE MISSING CHARGE1059121,1
Next Day Air Early Residential Third Party,1
AS WEIGHT 1;000 23.91,1
4 PLT ELECTRONIC TELCO SWITCHING SYSTEMS OR 1;040 41.88,1
Toeslag fact. IR/BTW aan verzender,1
1 PLT DIGITAL CABLE COMPONENTS CLASS 85 FAK 50 175 M,1
3 SKD DIGITAL CABLE MODEMS (640 SAX; 384 100 CLASS 100 FAK 1;758 22.51,1
NL-Buit,1
ITEM 161870 PRINTED,1
MACHINE,1
ITEM 116030 SUB : 7 ELECTRONIC TELCO,1
IT#11608-5 TELECOMMUNICATIONS,1
ITEM 116030 SUB : 7 EQUIPMENT,1
ITEM 116030 SUB : 5 TELECOMMUNICATIONS,1
LIFTGATE FEE ,1
ITEM 116030 SUB : 7 ELECTRONIC TELCO SWI C100,1
Hold & Notify,1
ACTUATORS 70 1587 24.79,1
ACTUATORS 70 289 MIN,1
1 PLT MISC CLASS 70 318 877.87,1
ACTUATORS 70 3955 40.67,1
ACTUATORS 70 545 21.71,1
NMFC 051080-05 Faucets; Bibcocks; 70 735 23.89,1
NMFC 156600-06 PLASTIC O * 100 498 MIN ARTICLES;,1
HCD HIGH COST DELIVERY REGION SRCHG,1
HDWR 92.5 296 MIN,1
* NMFC 133300-03 MACHINERY; NOI; OR 125 163 MIN,1
PALLET WEIGHT CL50 50 700 15.43,1
PLT VALVES I&S OR NP IT-51080-7 60 11300 15.43,1
46.16 DEFICIT WGT. CHARGE 70 8,1
ACTUATORS 70 492 46.16,1
ACTUATORS 70 2145 17.60,1
STC 18BX 70 359 MIN,1
AIR SWITCHES 100 346 MIN,1
IT-156600-3 CL 250 CLASS 100.0 175 7232,1
NMFC 051080-06 Faucets; Bibcocks; 70 595 MIN,1
AS WEIGHT 1;000 519.05,1
NMFC 133300-04 OR * 85 2998 31.91 MACHINERY; NOI;,1
DEFICIT WGT. CHARGE 70 509 25.34,1
ACTUATORS 70 4491 25.34,1
ACTUATORS 70 533 MIN,1
NMFC 051080-05 Faucets; Bibcocks; 70 205 MIN,1
ACTUATORS 70 635 41.64,1
DEFICIT WGT. CHARGE 70 220 24.37,1
ACTUATORS 70 780 24.37,1
NMFC 051080-05 70 100 MIN Faucets; Bibcocks;,1
NMFC 051080-05 Faucets; Bibcocks; 70 415 39.18,1
DEFICIT WGT. CHARGE 70 55 24.79,1
NMFC 051080-05 70 945 24.79 Faucets; Bibcocks; ...,1
ACTUATORS 70 261 MIN,1
METAL PRODUCTS 50 430 26.77,1
DEFICIT WGT. CHARGE 50 70 26.77,1
ACTUATORS 70 486 MIN,1
PLT VALVES I&S OR NP IT-51080-7 60 2450 23.51,1
ACTUATORS 70 165 MIN,1
ACTUATORS 70 711 58.00,1
ACTUATORS 70 98 MIN,1
ACTUATORS 70 1097 20.90,1
ACTUATORS 70 91 MIN,1
ACTUATORS 70 339 MIN,1
ACTUATORS 70 601 33.72,1
DEFICIT WGT. CHARGE 70 12 44.84,1
ACTUATORS 70 488 44.84,1
ACTUATORS 70 416 49.53,1
ACTUATORS 70 630 41.64,1
DEFICIT WGT. CHARGE 70 127 48.37,1
ACTUATORS 70 873 48.37,1
PRINTED LABELS 55 514 23.23,1
HARDWARE 85 220 MIN,1
ACTUATORS 70 1005 27.76,1
ACTUATORS 70 2119 9.79,1
ACTUATORS 70 410 MIN,1
NMFC 051080-05 Faucets; Bibcocks; 70 80 MIN,1
ACTUATORS 70 370 37.15,1
ACTUATORS 70 646 MIN,1
PALLETS 70 380 32.50 (PLASTIC),1
DEFICIT WGT. CHARGE 70 100 24.73,1
REUSABLE CRATES 70 400 24.73,1
CHARGEABLE PALLET WEIGHT 60 198 21.51,1
ALUM CAST 60 2732 21.51,1
CHARGEABLE PALLET WEIGHT 60 200 23.51,1
ACTUATORS 70 331 MIN,1
NMFC 051080-05 Faucets; Bibcocks; 70 210 MIN,1
ACTUATORS 70 550 29.68,1
DEFICIT WGT. CHARGE 70 41 11.87,1
7 PLT MISC CLASS 70 3;265 436.17,1
PLT STC 1 PC DG CONTROL VALVES CL65 65 555 41.20,1
ACTUATORS 70 454 MIN,1
1 PLT MISC CLASS 70 215 556.35,1
1 PLT ACTUATORS 51080-5 CLASS 70 203 720.98,1
ACTUATORS 70 99 MIN,1
ACTUATORS 70 77 MIN,1
1 PLT ACTUATORS 51080-5 CLASS 70 260 606.20,1
HARDWARE 60 2320 17.70,1
HARDWARE 50 3965 17.70,1
ACTUATORS 70 658 23.28,1
NMFC 013120-08 Aluminum Articles; 85 233 MIN,1
OVER DIM 240 IN,1
ACTUATORS 70 959 11.87,1
Paper Goods or Articles; viz. 085 455 40832,1
METAL STAMPINGS 50 600 MIN,1
NMFC 156600-02 Articles; see Notes; item 300 85 100.23,1
NMFC 156600-03 item 250 117 33.41 Articles; see Notes;,1
NMFC 156830-08 Film or Sheeting; 55 394 6.85,1
NWCARBEA SURCHARGE 3923 FLAT,1
ACTUATORS 70 3923 42.65,1
DEFICIT WGT. CHARGE 70 145 34.77,1
ACTUATORS 70 855 34.77,1
NMFC 051080-05 Faucets; Bibcocks; 70 1452 19.68,1
VALVES 70 540 56.83,1
Airway Bill (AWB) Delivery,1
Paper Goods or Articles; viz. 092 1510 29055,1
METAL PARTS 50 2187 16.18,1
STEEL NOI 50 470 MIN,1
3 PLT ACTUATORS 51080-5 CLASS 70 1;245 659.78,1
NMFC 029785-03 BOXES; FIBREBOARD; o * 250 112 MIN,1
STAINLESS SHAFTS 150 324 MIN,1
1 PLT MISC CLASS 70 196 M,1
LABELS,1
DIGITAL CABLE NMFC# 061130 S3,1
Business or Office Machines; viz. 060 2711 7749,1
Angles; NOI 060 675 23507,1
Business or Office Machines; viz. 060 4400 9149,1
Freight Verification,1
1 PLT ACTUATORS 51080-5 CLASS 70 315 203.18,1
DEFICIT WEIGHT,1
Scheduled Appointment Delivery,1
3 PLT DIGITAL CABLE COMPONENTS CLASS 85 FAK 50 1;500 18.10,1
6 PLT CARDBOARD GAYLORDS CLASS 175 FAK 100 4;110,1
2 PLT DIGITAL CABLE COMPONENTS CLASS 85 FAK 50 1;500 26.69,1
ELS Excess Ln 116.0X00.00X00.00,1
1 PLT MISC CLASS 85 355 725.40,1
1 PLT I/S STEEL CABLE RACKS; RACEWAYS; 1 61225-4 CLASS 775 53 M,1
AS WEIGHT 1;000 27.47,1
1 PLT ACTUATORS 51080-5 CLASS 70 380 333.29,1
Laadklep,1
1 PLT MISC CLASS 70 318 203.18,1
1 PLT ACTUATORS 51080-5 CLASS 70 347 306.65,1
1 PLT ACTUATORS 51080-5 CLASS 70 143 M,1
1 PLT MISC CLASS 70 105 M,1
1 PLT ACTUATORS 51080-5 CLASS 70 213 M,1
1 PLT ACTUATORS 51080-5 CLASS 70 223 526.83,1
FULL VALUE INSURANCE MIN,1
1 PLT MISC CLASS 70 226 740.58,1
MEDICAL SUPPLIES 9880 Flat rate 1 1435.00,1
ACTUATORS 70 4292 15.87,1
ACTUATORS 70 515 41.64,1
ACTUATORS 70 322 54.32,1
HBL FREIGHT MINIMUM,1
DAD,1
SECURITY,1
LOADING,1
AIR FREIGHTÂ ,1
ITEM 056590-04 (CL175) CLASS 175.0 48.0 X 42.0 X 66.0 (EX175) 371 EX175 56272,1
(CL175) CLASS 175.0 (EX175) 393 EX175 66803,1
175.0 48.0 X 1.0 X 1.0 (EX175) 135 EX175 66803,1
(EX175) 57 EX175 16553,1
(EX175) 233 EX175 66057,1
48.0 X 42.0 X 61.0 608 62092,1
(EX175) 342 EX175 18515,1
(EX175) 221 EX175 71316,1
ACTUATORS 70 314 MIN,1
ACTUATORS 70 7200 31.77,1
NMFC 051080- 60 60 MIN Faucets; Bibcocks;,1
NMFC 156830- Film or Sheeting; 55 394 MIN,1
CL60 60 685 26.74,1
CL60 60 735 26.74,1
NMFC 013120-07 Aluminum 92.5 480 MIN Articles;,1
ACTUATORS 70 277 MIN,1
ACTUATORS 70 166 MIN,1
ACTUATORS 70 222 MIN,1
NMFC 051080-05 70 580 24.73 Faucets; Bibcocks; ...,1
NMFC 133300-02 OR * 250 266 MIN MACHINERY; NOI;,1
DEFICIT WGT. CHARGE 70 28 24.15,1
ACTUATORS 70 472 24.15,1
ACTUATORS 70 140 MIN,1
DOC FEE,1
HANDLING FEE,1
1 DIVISION 1.4; LIMITED QUANTITY L: 48 W: 40 H: 48 IN 64300-2 322 64.83,1
2 DIVISION 1.4; LIMITED QUANTITY L: 48 W: 40 H: 48 IN 64300-2 5;690 12.66,1
NMFC 051080-05 Faucets; Bibcocks; 70 571 MIN,1
Pallet 1/1 US/CA uses only 085 545 84447,1
ACTUATORS 70 70 MIN,1
Faucets; Bibcocks; Gate Valves or 175 254 201717,1
Faucets; Bibcocks; Gate Valves or 070 540 70103,1
NMFC 133300-02 OR * 250 145 MIN MACHINERY; NOI;,1
ACTUATORS 70 376 MIN,1
ACTUATORS 70 561 24.73,1
ACTUATORS 70 530 38.01,1
ACTUATORS 70 648 46.40,1
ACTUATORS 70 552 MIN,1
Liftgate PU,1
ACTUATORS 70 370 MIN,1
Inside PU,1
Less Than Container Freight (LCL),1
IMO2020 Surcharge,1
Destination Handling Fee,1
Origin CFS Fee ,1
Port Congestion Fee,1
Courier/Messenger/(In case is needed),1
Cross Border/Homeland Security Fee,1
Weight/Inspection,1
CVO bh3j2648m7,1
LEGES KVK bh3j2648m7,1
Totaal excl. BTW EUR :,1
WAIT WAIT TIME @ TENDER 1058034,1
WAIT WAIT TIME @ RECOVERY 1051327,1
Pick Up via Truck Greater of (Min Rate 290 Kilogram(s) @ EUR 0;10/KG),1
ACTUATORS 70 664 29.68,1
Org. Terminal Handling-Forwarder Greater of Rate EUR 15;00; 290 Kilogram(s) @ EUR 0;10/KG),1
PLASTIC ARTICLES 100 378 MIN,1
WGT. DEFICIT CHARGE 70 128 34.77,1
MACHINES; NMFC# 116030-4,1
ACTUATORS 70 872 34.77,1
1 PLT MISC CLASS 70 168 M,1
ACTUATORS 70 1460 50.72,1
ITEM 116030 SUB 7 TELECOMMUNICATIONS EQC60,1
OVER DIM - 78 IN,1
1 PLT ACTUATORS 51080-5 CLASS 70 189 746.94,1
ACTUATORS 70 2250 17.60,1
NMFC 051080-05 Faucets; Bibcocks; 70 8805 25.34,1
1 PLT MISC CLASS 70 94 M,1
ACTUATORS 70 2089 35.36,1
1 PLT MISC CLASS 70 118 M,1
D/O FEE E,1
(EX175) 139 EX175 68804,1
DELIVERY E,1
DESTINATION THC E,1
ISS E,1
BEFORE HOURS DELIVERY CHARGE,1
Layover Charge,1
1 PLT MISC CLASS 70 154 M,1
IT#061130 S3 DIGITAL CABLE MODEMS,1
1 PLT MISC CLASS 70 90 M,1
ITEM 116030 SUB : 7 TELECOMMUNICATIONS NMFC# 116030 --> R&L'S DISCOUNT SAVES YOU,1
ITEM 116030 SUB : 7 TELECOMUNICATION EQUIC60,1
1 PLT MISC CLASS 70 356 538.68,1
(EX175) 73 EX175 89532,1
1 PLT MISC CLASS 70 163 M,1
1 PLT MISC CLASS 70 175 M,1
ACTUATORS 70 1075 18.03,1
ITEM 116030 SUB : 4 MACHINE SYSTEM,1
ACTUATORS 70 585 23.28,1
ACTUATORS 70 104 MIN,1
NMFC 051080-05 70 186 MIN Faucets; Bibcocks;,1
46.16 DEFICIT WGT. CHARGE 70 3,1
Origin Terminal Handling charge,1
ACTUATORS 70 497 46.16,1
BELIMO US INC PRODUCT 70 180 MIN,1
SCHEDULED APPOINTMENT DELIVERY ,1
Discount Allowed 87.00,1
PLASTIC ARTICLES ,1
008422,1
800 LESS DISCOUNT 21873-9000-FXF-3,1
IT30310 CABLE OR WIRE,1
68246558 SHPR# CONTROL VALVE *FXF 50101/05/26 ILS 04245 FAK RATES APPLIED,1
ITEM 030310 SUB : 2 CABLE OR WIRE,1
ACTUATORS 70 164 MIN,1
RECONSIGNMENT,1
ACTUATORS 70 580 31.83,1
ITEM 116030 SUB : 7 TELECOMMUNICATIONS,1
ACTUATORS 70 272 MIN,1
"ITEM 116030 SUB:4 SYSTEMS,MACHINES",1
Reweigh to 5000lbs ,1
DIGITAL CABLE COMPONENTS NMFC# 061130,1
ACTUATORS 70 440 MIN,1
1 PLT FOAM CLASS 70 395 732.60,1
Discount Allowed 85.00,1
IT116030 ELECTRONICS,1
1 PLT ACTUATORS 51080-5 CLASS 70 88 M,1
(EX175) 123 EX175 91831,1
1 PLT CONTROL VALVE CLASS 70 310 889.93,1
NMFC 133300-02 MACHINERY; NOI; OR * 250 11 MIN,1
NMFC 051080-05 85 120 MIN Faucets; Bibcocks;,1
(EX175) 129 EX175 27658,1
Notification Prior to Delivery,1
(EX175) 220 EX175 56272,1
Minimum Charge Minimum charge based on 665 miles,1
(EX175) 427 EX175 16553,1
(EX175) 147 EX175 53975,1
ACTUATORS 70 460 MIN,1
ACTUATORS 70 574 47.96,1
DEFICIT WGT. CHARGE 70 85 34.22,1
ACTUATORS 70 1915 34.22,1
40X24X28IN 70 276 MIN,1
ACTUATORS 70 209 MIN,1
* NMFC 133300-03 MACHINERY; NOI; OR 125 252 MIN,1
ACTUATORS 70 548 44.84,1
61.0 338 EX175 81785 (EX175),1
ACTUATORS 70 384 MIN,1
Freight Charge Freight Charge 1.00 $272.440,1
NMFC 051080-05 70 155 MIN Faucets; Bibcocks; ...,1
DEFICIT WGT. CHARGE 55 49 17.56,1
PRINTED LABELS 55 951 17.56,1
DEFICIT WGT. CHARGE 70 20 17.60,1
ACTUATORS 70 79 MIN,1
ACTUATORS 70 1980 17.60,1
ACTUATORS 70 8306 31.77,1
NMFC 051080-05 70 670 46.40 Faucets; Bibcocks;,1
ACTUATORS 70 555 42.10,1
ACTUATORS 70 230 MIN,1
ACTUATORS 70 330 MIN,1
(EX175) 286 EX175 32391,1
MEDICAL DEVICES CLASS 175.0 48.0 X 1.0 X 1.0 (EX175) 488 EX175 21592,1
MEDICAL DEVICES CLASS 175.0 (EX175) 184 EX175 21592,1
(EX175) 145 EX175 77588,1
1 PLT ACTUATORS 51080-5 CLASS 70 65 M,1
Adrescorrectie WW Express Saver,1
(EX175) 235 EX175 82620,1
1 PLT MISC CLASS 70 185 891.52,1
(EX175) 84 EX175 64814,1
1 PLT CONTROL VALVE 51080-5 CLASS 70 156 M,1
Standard- Heavy Materials,1
1 PLT MISC CLASS 70 100 M,1
1 PLT MISC CLASS 70 169 916.97,1
1 PLT MISC CLASS 70 195 M,1
DETENTION 307PM-330PM,1
36 36 MISC PARTS FOR STORAGE 070 34974,1
SK BUBBLE MAILERS,1
AES Filing Fee,1
Import Electronic Seal LCL,1
Not Previously Billed Canada Residential Surcharge,1
Pickup Cartage Attempt,1
(EX175) 93 EX175 34306,1
(EX175) 97 EX175 84977,1
(EX175) 85 EX175 55646,1
74.0 433 EX175 56272 (EX175),1
(EX175) 84 EX175 73008,1
(EX175) 174 EX175 24152,1
(EX175) 159 EX175 51808,1
Custom Clearance Road International 2 ENTRIES,1
65.0 379 EX175 76639 (EX175),1
Road international (Export) -Belarus -,1
ACTUATORS 70 425 27.60,1
DEFICIT WGT. CHARGE 70 75 27.60,1
Discount Allowed 82.00% ,1
Pick Up via Truck Greater of (Min Rate EUR 15;00; 22 Kilogram(s) @ EUR 0;10/KG),1
Pick Up via Truck Greater of (Min Rate EUR 15;00; 648 Kilogram(s) @ EUR 0;10/KG),1
Org. Terminal Handling-Forwarden Greater Rate EUR 15;00; 648 Kilogram(s) @ EUR,1
Security Surcharge Greater of (Min 625 Kilogram(s) @ EUR 0;10/KG),1
Seasonal Surcharge ,1
Freight 648,1
Security Surcharge - Greater of (Min Rate EUR 0;10; 648 Kilogram(s) @ EUR 0;10/KG),1
Pick Up via Truck Greater of (Min Rate EUR 15;00; 504 Kilogram(s) @ EUR 0;10/KG),1
Pick Up via Truck Greater of (Min Rate EUR 15;00; 298;5 Kilogram(s) @ EUR 0;10/KG),1
Org. Terminal Handling-Forwarder Greater of Rate EUR 30;00; 504 Kilogram(s) @ EUR 0;12/KG),1
Org. Terminal Handling-Forwarder Rate EUR 15;00; 298;5 Kilogram(s) @,1
Freight 504,1
Security Surcharge Greater of (Min Rate EUR 0;10; 504 Kilogram(s) @ EUR 0;10/KG),1
Security Surcharge - Greater of (Min Rate EUR 0;10; 298.5 Kilogram(s) @ EUR 0;10/KG),1
Org. Terminal Handling-Forwarder Greater of (Min Rate EUR 30;00; 122;5 Kilogram(s) @ EUR 0;12/KG),1
ACTUATORS 70 453 59.56,1
Org. Terminal Handling-Forwarder Greater of Rate EUR 30;00; 22 Kilogram(s) @ EUR 0;12/KG),1
Freight Greater of (Min Rate EUR 196;00. 22 Kilogram(s) @ EUR 3;19/KG),1
Security Surcharge Greater of (Min Rate EUR 122;5 Kilogram(s) @ EUR 0;10/KG),1
Security Surcharge - Greater of (Min Rate EUR 0;10; 22 Kilogram(s) @ EUR 0;10/KG),1
Pick Up via Truck Greater of (Min Rate EUR 15;00; 70 Kilogram(s) @ EUR 0;10/KG),1
Dest. Airport Fees - Base Rate EUR 15;00 ,1
Delivery via Truck - Greater of (Min Rate EUR,1
Import Customs Clearance - Base Rate EUR 51;56,1
Dest. Administrative Handling - Base Rate EUR 39;60,1
D&T Forwarding 3rd Party,1
Pick Up via Truck Greater of (Min Rate EUR 15;00; 1412;5 Kilogram(s) @ EUR 0;10/KG),1
Late Fee,1
Org. Terminal Handling-Forwarden Greater of (Min Rate EUR 15;00; 1412;5 Kilogram(s) @ EUR 0;10/KG),1
Dest. Terminal Handling-Forwarder,1
Org. Terminal Handling-Forwarder Greater of Rate EUR 15;00; 625 Kilogram(s) @ EUR 0;10/KG),1
Export Customs Clearance Base Rate EUR,1
Dest. Terminal Handling-Forwarder 0;18/KG,1
Security Surcharge Greater of (Min 290 Kilogram(s) @ EUR 0;10/KG),1
ACTUATORS 70 1119 21.87,1
Pick Up via Truck Greater of (Min Rate EUR 15;00; 250 Kilogram(s) @ EUR 0;10/KG),1
OVERSIZE PIECE,1
NMFC 051080-05 70 160 MIN,1
ACTUATORS 70 548 MIN,1
Pick Up via Truck Greater of (Min Rate EUR 15;00; 588;5 Kilogram(s) @ EUR 0;10/KG),1
Org. Terminal Handling-Forwarder Greater of (Min,1
Org. Terminal Handling-Forwarden Greater of,1
NMFC 051080-05 70 1416 24.79 Faucets; Bibcocks; ...,1
BELIMO US INC PRODUCT 70 250 MIN,1
Freight Greater of (Min Rate EUR Kilogram(s) @ EUR 2;13/KG),1
Security Surcharge Greater of (Min Rate EUR 328 Kilogram(s) @ EUR 0;10/KG),1
Delivery via Truck Greater of (Min Rate EUR 297;00; 328 Kilogram(s) @ EUR 0;63/KG),1
Security Surcharge Greater of (Min Rate EUR 0;10; 588;5 Kilogram(s) @ EUR 0;10/KG),1
Import Customs Clearance Base Rate EUR 51;56,1
Dest. Airport Fees Base Rate,1
Dest. Terminal Handling-Forwarder Greater of (Min Rate EUR 56;70; 328 Kilogram(s) @ EUR 0;56/KG),1
Delivery via Truck Greater of (Min Rate EUR 350;00; 588;5 Kilogram(s) @ EUR 0;20/KG),1
Pick Up via Truck Greater of (Min Rate EUR 15;00; 100 KG @ EUR 0;10/KG),1
Dest. Terminal Handling-Forwarder Greater of (Min Rate EUR 42;00; 588;5 Kilogram(s) @ EUR 0;30/KG),1
Dest. Administrative Handling Base Rate,1
Org. Terminal Handling-Forwarden Greater of (Min,1
Pick Up via Truck Greater of (Min Rate EUR 95;5 Kilogram(s) @ EUR 0;10/KG),1
Org. Terminal Handling-Forwarden Rate EUR 15;00; 95;5 Kilogram(s) @,1
Security Surcharge Greater of (Min Rate EUR 95;5 Kilogram(s) @ EUR 0;10/KG),1
Pick Up via Truck Greater of (Min Rate EUR 15;00; 625 Kilogram(s) @ EUR 0;10/KG),1
Org. Cargo Screening 1412;5 Kilogram(s) 0;10/KG,1
Freight 1412;5,1
ACTUATORS 70 604 46.16,1
Security Surcharge - Greater of (Min Rate EUR 0;10; 123;5 Kilogram(s) @ EUR 0;10/KG),1
Org. Terminal Handling-Forwarder Greater of Rate EUR 30;00; 308 Kilogram(s) @ EUR 0;12/KG),1
DEFICIT WGT. CHARGE 70 36 59.56,1
ACTUATORS 70 464 59.56,1
ACTUATORS 70 767 41.64,1
RETURN,1
DRAYAGE,1
YARD PULL,1
Origin Handling Fee Busan port charge,1
HANDLING UNITS 9 OF TYPE SKID,1
LIFT ON LIFT OFF,1
IMP STORAGE CHARGES,1
CARRIER CHARGES,1
WARREN CONTROLS CORP PRODUCT 60 125 MIN,1
NMFC 051080-05 Faucets; Bibcocks; 70 345 MIN,1
NMFC 051080-05 Faucets; Bibcocks; 70 470 MIN,1
NMFC 051080-05 Faucets; Bibcocks; ... 70 105 MIN,1
HANDLING UNITS 1 OF TYPE SKID Notification Prior to Delivery Indv Pcs 1 OTH,1
In & Out Charge,1
ACTUATORS 70 313 MIN,1
ACTUATORS 70 444 MIN,1
NOTIFY PRIOR TO DELIVERY CHARGE SP,1
OILS NMFC 145100 S2,1
* NMFC 133300-02 MACHINERY; NOI; OR 250 3334 30.63,1
W&I FEE,1
ACTUATORS 70 81 MIN,1
ACTUATORS 70 510 MIN,1
DEFICIT WGT. CHARGE 70 47 59.56,1
Pick Up via Truck Greater of (Min Rate EUR 15;00; 308 Kilogram(s) @ EUR 0;10/KG),1
Org. Terminal Handling-Forwarden,1
Fut. Day OC Pickup Mon-Fri (CS),1
Pick Up via Truck Greater of (Min Rate EUR 15;00; 123;5 Kilogram(s) @ EUR 0;10/KG),1
Dest. Airport Fees Base Rate EUR 30;00,1
Delivery via Truck Greater of (Min Rate EUR 25;00; 1412;5 Kilogram(s) @ EUR 0;20/KG),1
Dest. Terminal Handling-Forwarder Greater of (Min Rate EUR 18;00; 1412;5 Kilogram(s) @ EUR 0;15/KG),1
Dest. Administrative Handling Base Rate EUR 30;00,1
Pick Up via Truck Greater of (Min Rate EUR 15;00; 87 Kilogram(s) @ EUR 0;10/KG),1
Org. Terminal Handling-Forwarder Greater of (Min Rate EUR 15;00; 87 Kilogram(s) @ EUR 0;10/KG),1
Org. Cargo Screening 87 Kilogram(s),1
Dest. Airport Fees Base Rate EUR,1
Delivery via Truck Greater of (Min Rate EUR 25;00; 87 Kilogram(s) @ EUR 0;20/KG),1
Dest. Terminal Handling-Forwarden Greater of (Min Rate EUR 18;00; 87 Kilogram(s) @ EUR 0;15/KG),1
Pick Up via Truck 224,1
Org. Terminal Handling-Forwarder 224 0;12/KG,1
Delivery via Truck 224,1
VALVES 70 350 75.96,1
Dest. Terminal Handling-Forwarder 224 0;56/KG,1
ACTUATORS 70 358 MIN,1
Courier service DHL 0,1
Credit Memo,1
HDWR 65 695 30.08,1
ACTUATORS 70 355 MIN,1
3.00 LBS PER PKG 400 129 169.92,1
7.00 LBS PER PKG 175 560 36.11,1
NMFC 158880-04 PLUMBERS NOI * 175 70 MIN GOODS;,1
Address Correction Next Day Air Saver,1
Pick Up via Truck Greater of (Min Rate EUR 15;00; 493 Kilogram(s) @ EUR 0;10/KG),1
Org. Terminal Handling-Forwarder Greater of Rate EUR 30;00; 493 Kilogram(s) @ EUR 0;12/KG),1
Security Surcharge - Greater of (Min Rate EUR 0;10; 493Kilogram(s) @ EUR 0;10/KG),1
"NMFC 133300-03 OR * 125 126 MIN MACHINERY, NOI,",1
